time [ms],led_0,led_1,led_2,led_3
23,2,3,5,0
69,6,8,7,3
116,8,12,11,2
162,9,10,8,8
208,10,11,14,5
255,11,12,13,5
301,10,12,12,5
348,11,12,12,7
394,11,12,12,2
441,9,9,12,4
487,11,11,11,7
534,11,12,11,1
580,11,10,11,1
626,11,9,11,1
673,11,10,11,1
719,11,10,11,0
766,10,11,11,3
812,11,9,11,1
859,11,11,11,2
905,11,11,11,0
952,10,13,12,1
998,10,12,12,1
1044,10,11,11,0
1091,10,11,11,0
1137,9,12,12,5
1184,10,12,10,2
1230,8,12,11,5
1277,10,11,10,1
1323,9,11,9,2
1369,10,12,9,0
1416,9,12,9,1
1462,9,12,9,0
1509,9,10,9,4
1555,9,11,9,0
1602,9,11,8,4
1648,9,12,8,4
1695,8,12,8,4
1741,8,11,8,6
1787,8,10,7,5
1834,8,10,7,3
1880,8,10,7,5
1927,8,11,6,0
1973,8,11,7,0
2020,7,12,6,2
2066,8,11,6,1
2113,8,10,6,3
2159,7,11,10,4
2205,8,11,7,2
2252,8,11,7,1
2298,8,12,8,6
2345,8,9,7,8
2391,7,10,6,0
2438,8,10,6,3
2484,8,12,5,0
2530,8,11,6,0
2577,7,12,5,0
2623,7,10,5,1
2670,8,11,5,4
2716,8,12,7,6
2763,8,12,6,4
2809,7,11,8,3
2856,7,11,11,3
2902,7,9,5,0
2948,7,12,5,4
2995,7,10,6,1
3041,7,11,4,6
3088,7,8,4,3
3134,8,11,7,5
3181,8,9,6,2
3227,7,10,6,6
3274,9,9,5,4
3320,8,8,6,2
3366,7,10,10,9
3413,8,10,6,1
3459,7,9,6,2
3506,7,10,4,1
3552,7,10,6,0
3599,7,11,6,0
3645,7,11,7,0
3691,8,12,6,2
3738,6,11,6,5
3784,7,11,6,1
3831,11,14,12,5
3877,3,10,5,3
3924,0,11,5,1
3970,0,12,4,4
4017,0,12,4,2
4063,0,11,4,3
4109,4,10,6,2
4156,0,11,5,1
4202,0,10,4,0
4249,0,9,3,1
4295,5,8,6,2
4342,0,9,5,0
4388,10,12,8,2
4435,11,12,12,4
4481,11,12,12,1
4527,10,12,12,5
4574,10,12,11,1
4620,10,12,11,3
4667,10,12,11,2
4713,10,12,10,1
4760,10,12,11,4
4806,10,12,10,0
4852,10,11,10,1
4899,10,10,10,2
4945,10,10,10,0
4992,10,10,10,4
5038,10,10,10,2
5085,10,11,10,4
5131,10,11,10,0
5178,10,12,10,1
5224,10,12,9,6
5270,10,12,9,1
5317,9,12,9,1
5363,9,12,9,0
5410,10,11,10,1
5456,9,13,10,1
5503,8,12,9,1
5549,9,13,9,1
5595,9,12,9,1
5642,9,12,9,4
5688,9,11,9,1
5735,9,12,8,6
5781,9,11,8,0
5828,12,11,8,7
5874,12,8,11,10
5921,14,11,8,5
5967,14,10,7,6
6013,12,11,7,5
6060,13,10,8,5
6106,14,10,6,6
6153,13,8,7,6
6199,13,10,14,11
6246,14,10,6,2
6292,15,10,5,4
6339,13,10,11,8
6385,10,10,7,5
6431,13,8,5,4
6478,11,10,6,4
6524,12,10,5,2
6571,11,9,5,4
6617,8,10,5,3
6664,11,10,5,3
6710,12,11,6,5
6756,9,10,5,3
6803,9,10,5,3
6849,11,11,8,5
6896,12,11,6,3
6942,11,11,5,4
6989,11,11,6,2
7035,13,10,5,2
7082,13,11,6,2
7128,10,9,5,3
7174,11,10,4,2
7221,13,10,4,3
7267,12,10,5,3
7314,13,10,4,2
7360,11,11,7,5
7407,11,11,9,10
7453,12,10,5,5
7500,10,11,6,6
7546,11,10,7,6
7592,10,11,5,5
7639,11,10,8,9
7685,12,10,5,6
7732,12,11,9,10
7778,11,11,4,6
7825,11,11,5,4
7871,11,10,5,7
7917,9,10,5,4
7964,12,9,6,7
8010,11,9,5,4
8057,8,9,5,5
8103,9,11,5,6
8150,5,11,4,7
8196,6,11,7,6
8243,7,10,6,7
8289,7,10,5,6
8335,5,11,6,6
8382,8,11,6,7
8428,9,11,6,5
8475,8,10,11,10
8521,6,10,4,8
8568,7,10,4,5
8614,7,11,9,6
8661,7,11,10,5
8707,7,10,9,5
8753,5,10,9,5
8800,7,10,12,5
8846,9,10,11,8
8893,9,11,12,6
8939,10,12,12,5
8986,11,11,13,5
9032,11,13,12,6
9078,11,11,12,3
9125,10,12,12,6
9171,11,11,11,6
9218,11,10,11,5
9264,10,9,11,3
9311,10,9,11,3
9357,10,11,11,4
9404,11,10,11,3
9450,11,12,12,3
9496,11,10,11,2
9543,11,11,11,2
9589,10,10,11,3
9636,10,12,12,2
9682,10,12,12,2
9729,10,12,11,2
9775,10,10,11,2
9822,9,13,11,6
9868,9,12,10,3
9914,10,13,11,4
9961,11,12,10,4
10007,10,10,9,4
10054,9,10,9,4
10100,8,11,10,6
10147,12,11,9,4
10193,9,11,9,4
10239,8,11,12,9
10286,9,11,9,7
10332,8,14,10,7
10379,7,12,11,13
10425,7,12,11,13
10472,9,11,12,13
10518,9,11,10,9
10565,6,15,15,7
10611,7,13,14,7
10657,7,13,13,6
10704,5,14,12,5
10750,8,10,12,6
10797,9,13,11,6
10843,4,11,10,5
10890,9,11,9,4
10936,9,10,9,4
10983,8,13,8,4
11029,9,12,7,5
11075,7,10,7,4
11122,7,7,6,5
11168,6,9,6,3
11215,8,11,6,3
11261,8,11,6,3
11308,9,9,6,5
11354,8,11,5,4
11400,6,12,7,7
11447,9,12,6,3
11493,10,15,10,7
11540,8,12,9,7
11586,6,9,10,10
11633,8,11,10,10
11679,12,10,10,11
11726,7,11,10,10
11772,6,7,7,5
11818,9,13,12,6
11865,9,13,11,6
11911,9,12,10,7
11958,9,11,11,5
12004,10,11,10,4
12051,7,12,10,9
12097,9,11,8,4
12144,10,11,8,4
12190,9,10,8,4
12236,7,11,7,5
12283,10,11,7,5
12329,8,11,14,8
12376,9,10,7,5
12422,8,11,7,5
12469,6,10,6,4
12515,6,9,4,4
12561,2,9,5,4
12608,0,11,6,3
12654,2,10,5,3
12701,3,10,5,5
12747,4,11,4,3
12794,2,10,6,4
12840,0,10,4,3
12887,1,9,4,3
12933,10,13,6,8
12979,4,14,7,9
13026,4,14,9,10
13072,11,14,10,9
13119,11,14,12,6
13165,10,13,11,5
13212,11,13,11,6
13258,11,12,11,5
13305,10,13,11,2
13351,10,12,10,5
13397,9,12,10,2
13444,10,11,11,4
13490,9,10,10,2
13537,9,10,10,2
13583,11,10,11,10
13630,12,10,10,4
13676,9,9,10,5
13722,10,10,10,5
13769,10,10,10,4
13815,12,11,10,3
13862,10,12,10,4
13908,10,12,9,7
13955,10,12,9,3
14001,9,12,10,4
14048,9,11,9,4
14094,9,12,10,3
14140,9,12,10,3
14187,6,9,10,4
14233,9,11,9,4
14280,9,11,9,5
14326,9,11,9,3
14373,9,11,9,3
14419,8,11,9,4
14466,9,11,8,2
14512,8,11,9,4
14558,7,10,11,5
14605,9,11,8,5
14651,9,11,8,4
14698,9,11,8,5
14744,9,11,8,3
14791,11,12,7,7
14837,9,13,9,8
14883,10,13,7,7
14930,11,12,8,8
14976,12,11,9,5
15023,10,11,9,5
15069,9,12,13,4
15116,9,11,7,3
15162,9,12,7,4
15209,11,10,6,3
15255,11,11,6,3
15301,10,10,6,5
15348,8,10,8,4
15394,9,10,7,5
15441,9,11,6,5
15487,9,11,6,3
15534,9,12,6,5
15580,10,11,5,3
15627,10,11,6,6
15673,10,11,5,4
15719,8,11,6,3
15766,8,11,6,3
15812,7,11,7,4
15859,8,11,5,3
15905,8,11,5,2
15952,7,12,12,14
15998,7,11,9,12
16044,14,14,12,10
16091,10,12,11,9
16137,9,12,10,7
16184,7,12,8,7
16230,7,12,7,6
16277,8,12,7,6
16323,7,12,9,7
16370,8,12,6,5
16416,9,12,6,5
16462,6,12,5,4
16509,6,12,5,4
16555,7,10,5,6
16602,10,9,6,5
16648,7,9,5,6
16695,9,9,5,3
16741,7,10,4,3
16788,7,10,5,5
16834,7,10,4,3
16880,7,10,7,3
16927,6,10,5,3
16973,7,10,7,4
17020,7,11,8,5
17066,8,11,10,6
17113,7,12,13,8
17159,7,11,8,5
17205,7,11,5,7
17252,6,10,5,5
17298,7,11,10,6
17345,7,11,10,3
17391,8,10,9,4
17438,7,8,10,5
17484,8,10,11,3
17531,11,10,11,8
17577,7,9,12,4
17623,11,11,12,4
17670,11,10,13,6
17716,10,13,12,6
17763,10,11,12,5
17809,11,14,13,8
17856,11,11,13,8
17902,11,12,13,8
17949,10,9,12,5
17995,11,10,11,3
18041,11,11,11,3
18088,11,11,11,2
18134,11,12,11,3
18181,11,12,11,3
18227,10,12,11,3
18274,11,9,12,6
18320,10,11,12,2
18366,10,11,12,3
18413,10,12,11,4
18459,10,9,11,2
18506,10,12,11,4
18552,10,12,10,2
18599,10,14,11,10
18645,9,12,11,9
18692,11,12,10,7
18738,11,11,12,6
18784,11,11,11,6
18831,10,10,9,5
18877,11,11,12,9
18924,11,11,10,6
18970,8,10,13,12
19017,10,12,12,8
19063,8,14,13,10
19110,9,14,11,9
19156,8,11,10,10
19202,8,12,8,9
19249,8,13,7,9
19295,8,11,7,8
19342,9,9,7,9
19388,10,10,8,10
19435,9,11,8,11
19481,8,10,8,12
19527,6,9,9,12
19574,7,9,9,11
19620,8,11,8,10
19667,7,10,9,9
19713,8,12,8,6
19760,8,11,7,4
19806,5,10,6,5
19853,7,9,6,2
19899,7,11,6,3
19945,7,11,6,2
19992,8,11,7,6
20038,8,11,8,5
20085,8,11,8,8
20131,9,12,10,10
20178,13,12,8,11
20224,9,12,10,13
20271,7,10,10,13
20317,7,11,7,8
20363,8,14,9,8
20410,7,11,10,10
20456,5,13,10,9
20503,8,13,9,8
20549,8,13,8,7
20596,8,12,7,8
20642,7,12,5,8
20688,7,11,7,6
20735,6,10,7,8
20781,9,8,7,8
20828,6,10,6,8
20874,8,9,7,7
20921,5,8,7,6
20967,7,11,6,2
21014,6,10,6,4
21060,6,11,6,2
21106,7,11,8,4
21153,6,11,7,3
21199,6,9,6,3
21246,6,10,12,10
21292,2,11,11,9
21339,3,11,8,6
21385,0,10,7,8
21432,0,8,5,3
21478,0,10,5,4
21524,1,10,6,5
21571,0,8,3,3
21617,0,7,3,1
21664,0,8,4,3
21710,1,6,4,2
21757,12,11,8,6
21803,11,12,12,3
21849,10,12,12,5
21896,11,12,11,3
21942,10,12,11,5
21989,10,12,11,1
22035,10,12,11,4
22082,10,11,10,3
22128,10,11,11,4
22175,10,11,10,2
22221,10,10,10,1
22267,10,10,10,3
22314,10,9,10,5
22360,10,10,10,5
22407,10,10,10,4
22453,7,9,10,4
22500,10,14,11,6
22546,11,13,12,7
22593,11,13,11,8
22639,10,13,11,7
22685,10,13,10,8
22732,8,10,9,8
22778,9,13,9,7
22825,9,12,9,6
22871,9,12,10,7
22918,10,12,9,7
22964,8,12,10,9
23010,9,11,10,9
23057,8,11,10,9
23103,9,11,10,9
23150,9,10,10,10
23196,9,11,9,8
23243,9,12,10,8
23289,9,11,11,11
23336,8,12,8,5
23382,9,12,9,6
23428,9,13,8,5
23475,11,10,7,7
23521,12,15,8,4
23568,15,13,7,2
23614,11,13,12,8
23661,9,11,13,3
23707,11,10,7,2
23754,10,12,6,2
23800,11,10,6,2
23846,12,10,6,3
23893,10,10,8,5
23939,6,10,8,10
23986,7,10,9,11
24032,9,11,9,11
24079,9,11,8,8
24125,9,12,6,5
24171,9,14,10,5
24218,9,12,10,6
24264,8,11,9,6
24311,10,12,8,6
24357,11,11,8,5
24404,10,11,6,4
24450,9,12,5,3
24497,10,12,10,10
24543,11,12,9,8
24589,9,13,13,8
24636,5,14,15,8
24682,7,13,10,8
24729,7,13,10,8
24775,8,13,13,9
24822,6,12,7,6
24868,7,9,7,8
24915,13,11,8,11
24961,13,13,7,10
25007,12,12,6,11
25054,10,11,6,11
25100,12,11,5,11
25147,9,10,8,3
25193,9,9,6,2
25240,8,9,4,2
25286,11,11,8,12
25332,12,10,4,9
25379,10,10,5,5
25425,7,10,6,5
25472,10,12,11,9
25518,10,11,4,3
25565,7,9,5,3
25611,12,11,4,2
25658,13,7,6,2
25704,13,13,10,3
25750,11,11,4,2
25797,8,10,4,4
25843,9,9,3,4
25890,7,10,4,3
25936,3,8,9,7
25983,6,10,10,5
26029,7,10,9,3
26075,8,10,9,4
26122,8,10,11,4
26168,8,10,11,5
26215,10,14,14,5
26261,9,11,12,5
26308,11,11,12,3
26354,10,11,12,6
26401,10,12,12,5
26447,11,12,12,2
26493,11,13,11,5
26540,11,11,11,3
26586,10,12,11,3
26633,11,9,11,2
26679,11,10,11,2
26726,9,12,12,3
26772,9,10,11,2
26819,11,12,11,4
26865,11,12,11,5
26911,10,12,11,12
26958,11,11,11,13
27004,10,11,12,8
27051,10,14,11,8
27097,10,12,11,8
27144,9,11,14,7
27190,10,11,10,4
27236,10,14,13,3
27283,9,12,10,10
27329,10,12,11,15
27376,9,12,15,9
27422,9,14,11,9
27469,12,12,10,7
27515,7,11,9,7
27562,10,11,9,7
27608,9,11,8,6
27654,7,10,9,7
27701,8,10,9,3
27747,8,11,8,5
27794,8,13,10,3
27840,7,11,7,3
27887,8,11,6,3
27933,8,12,7,2
27980,8,11,6,2
28026,7,10,7,5
28072,7,10,6,2
28119,7,11,6,7
28165,7,11,7,3
28212,6,11,10,5
28258,11,14,13,3
28305,10,15,6,3
28351,7,12,7,3
28397,7,12,14,3
28444,7,10,8,2
28490,7,11,7,3
28537,7,9,6,2
28583,8,10,6,3
28630,8,10,4,3
28676,7,12,8,4
28723,12,13,10,3
28769,4,10,6,6
28815,7,9,6,3
28862,7,12,6,6
28908,7,11,5,3
28955,7,12,8,4
29001,7,10,5,5
29048,7,11,4,3
29094,7,11,5,7
29141,8,11,8,5
29187,7,11,12,3
29233,5,8,10,5
29280,9,15,9,5
29326,6,12,7,7
29373,9,9,9,7
29419,5,9,7,8
29466,7,10,12,7
29512,8,13,9,6
29558,9,11,9,5
29605,9,13,9,7
29651,9,13,8,5
29698,7,11,7,6
29744,11,13,9,4
29791,6,12,6,4
29837,7,11,16,7
29884,10,11,6,8
29930,10,12,8,8
29976,11,11,6,8
30023,9,11,5,9
30069,4,11,7,9
30116,9,10,6,10
30162,4,9,6,4
30209,0,9,4,6
30255,10,10,6,3
30302,5,12,12,3
30348,3,14,14,11
30394,5,12,7,11
30441,11,10,10,12
30487,10,12,12,14
30534,7,10,12,13
30580,10,12,11,4
30627,10,12,11,5
30673,11,12,11,4
30719,10,13,11,7
30766,11,13,11,8
30812,10,13,12,8
30859,8,11,10,7
30905,10,13,10,7
30952,9,12,10,3
30998,9,12,10,7
31045,9,12,10,4
31091,11,12,10,4
31137,8,11,11,3
31184,11,12,10,6
31230,14,12,9,12
31277,9,12,9,12
31323,10,12,9,10
31370,9,12,9,6
31416,8,12,10,6
31463,11,12,10,2
31509,10,12,10,2
31555,10,11,10,1
31602,8,12,9,1
31648,9,11,8,6
31695,9,12,8,1
31741,9,11,8,3
31788,7,11,9,4
31834,9,11,8,1
31880,9,11,13,11
31927,9,11,8,1
31973,9,12,8,7
32020,9,11,8,4
32066,9,12,8,3
32113,9,11,10,7
32159,9,11,7,7
32206,9,11,9,6
32252,8,11,7,4
32298,9,10,8,7
32345,11,14,11,5
32391,8,11,9,10
32438,9,10,7,11
32484,9,11,7,11
32531,9,10,7,6
32577,10,12,7,7
32624,9,12,7,6
32670,10,12,8,6
32716,8,11,9,5
32763,8,12,7,3
32809,8,11,7,2
32856,8,11,6,6
32902,9,11,6,13
32949,9,11,8,12
32995,9,10,8,7
33041,10,13,8,7
33088,11,12,8,6
33134,9,12,14,5
33181,10,12,6,5
33227,8,11,8,6
33274,8,14,11,6
33320,7,14,9,9
33367,6,13,7,7
33413,7,11,8,8
33459,6,11,8,9
33506,7,11,7,8
33552,6,10,9,9
33599,7,11,8,6
33645,8,11,10,11
33692,10,12,10,10
33738,7,13,11,9
33785,7,13,13,7
33831,7,11,5,3
33877,7,11,7,7
33924,7,12,6,4
33970,7,12,5,5
34017,9,12,4,3
34063,7,11,6,3
34110,7,10,5,4
34156,7,10,5,6
34202,9,10,5,2
34249,7,10,7,4
34295,11,12,11,3
34342,6,8,7,4
34388,7,11,11,8
34435,7,12,9,7
34481,8,11,9,6
34528,7,11,6,7
34574,7,10,5,3
34620,6,10,8,4
34667,6,11,10,3
34713,7,11,10,6
34760,7,10,10,4
34806,6,11,12,3
34853,7,12,11,7
34899,9,10,11,4
34946,11,11,13,7
34992,11,11,13,4
35038,10,11,13,6
35085,10,11,12,4
35131,10,12,13,5
35178,10,11,13,10
35224,11,12,14,8
35271,10,12,12,7
35317,10,9,11,3
35363,9,15,13,3
35410,10,10,11,2
35456,7,11,12,3
35503,11,10,11,3
35549,11,12,11,4
35596,10,12,11,2
35642,10,13,12,3
35689,10,11,12,4
35735,10,11,11,3
35781,10,12,11,3
35828,7,10,11,5
35874,10,12,10,3
35921,5,10,11,4
35967,9,11,10,4
36014,10,12,9,3
36060,10,12,10,7
36107,9,11,10,4
36153,9,12,10,4
36199,9,9,12,8
36246,9,12,11,7
36292,9,14,11,10
36339,7,11,12,13
36385,9,11,13,14
36432,5,9,8,13
36478,8,12,13,9
36524,7,10,7,8
36571,7,12,9,8
36617,8,10,8,9
36664,7,13,7,9
36710,7,12,9,9
36757,8,12,9,6
36803,8,12,8,7
36850,4,11,9,15
36896,6,11,9,13
36942,6,11,8,12
36989,7,13,8,10
37035,6,13,7,9
37082,7,11,7,6
37128,9,11,8,5
37175,8,14,7,3
37221,8,14,8,5
37268,9,12,7,7
37314,8,13,7,7
37360,9,13,7,7
37407,8,13,6,6
37453,9,11,7,6
37500,10,10,7,4
37546,9,11,5,5
37593,7,11,9,6
37639,10,11,4,4
37685,11,13,12,7
37732,6,10,5,3
37778,8,10,7,7
37825,8,12,6,9
37871,9,11,6,10
37918,6,7,6,10
37964,7,10,8,9
38011,7,9,7,5
38057,7,9,5,5
38103,7,10,5,5
38150,10,9,4,5
38196,11,11,7,3
38243,10,9,7,3
38289,7,12,6,3
38336,8,11,9,5
38382,14,11,11,7
38429,8,11,7,4
38475,10,12,7,4
38521,9,11,6,6
38568,7,12,9,6
38614,7,11,9,6
38661,4,11,11,11
38707,6,11,7,5
38754,4,11,8,8
38800,7,11,7,4
38846,6,11,6,4
38893,3,10,6,2
38939,6,9,4,3
38986,3,9,9,5
39032,3,14,13,6
39079,8,13,12,5
39125,10,13,13,5
39172,10,13,12,4
39218,9,14,12,5
39264,10,13,12,3
39311,10,10,11,5
39357,10,12,11,3
39404,10,12,10,3
39450,10,11,10,4
39497,10,11,10,3
39543,10,11,10,3
39590,10,10,10,6
39636,10,10,10,2
39682,10,10,10,7
39729,10,10,10,2
39775,10,11,10,5
39822,10,11,10,2
39868,10,12,10,3
39915,10,12,9,3
39961,10,13,9,3
40007,10,12,10,2
40054,9,12,10,3
40100,9,12,10,3
40147,9,13,10,3
40193,9,12,9,3
40240,9,12,10,2
40286,9,12,9,3
40333,9,12,9,7
40379,9,11,9,2
40425,9,14,10,6
40472,9,12,9,6
40518,9,13,8,6
40565,9,12,9,4
40611,10,11,8,5
40658,9,11,8,8
40704,9,11,8,6
40751,9,11,8,4
40797,9,10,7,4
40843,9,11,8,6
40890,8,12,8,7
40936,10,13,8,8
40983,10,12,7,9
41029,11,11,7,7
41076,11,11,8,5
41122,7,11,9,3
41168,10,11,9,4
41215,10,11,6,2
41261,9,11,7,3
41308,9,11,7,2
41354,9,11,8,3
41401,8,11,8,4
41447,8,11,8,3
41494,8,11,7,3
41540,8,10,6,4
41586,9,11,7,3
41633,7,13,14,6
41679,8,11,7,3
41726,9,11,9,3
41772,9,12,7,3
41819,7,12,7,3
41865,8,12,6,3
41912,8,11,5,4
41958,8,11,5,3
42004,7,10,5,3
42051,4,9,6,4
42097,8,11,7,5
42144,9,12,9,4
42190,8,12,5,6
42237,8,12,9,11
42283,7,12,9,11
42329,7,11,9,10
42376,7,14,10,9
42422,7,12,10,10
42469,7,11,9,10
42515,7,12,7,8
42562,7,12,4,6
42608,7,12,4,4
42655,7,13,6,7
42701,7,12,6,7
42747,8,12,7,5
42794,8,11,6,5
42840,7,9,5,12
42887,6,10,5,14
42933,7,10,5,15
42980,7,10,6,15
43026,5,10,7,14
43073,7,10,4,6
43119,7,11,5,6
43165,7,10,4,4
43212,7,10,6,7
43258,7,11,5,3
43305,7,11,9,4
43351,7,11,10,4
43398,7,11,9,3
43444,7,10,9,4
43490,8,10,12,4
43537,8,10,11,9
43583,10,12,12,9
43630,11,12,13,12
43676,10,11,13,13
43723,11,13,13,13
43769,10,12,12,9
43816,9,13,12,9
43862,10,12,11,7
43908,11,13,11,3
43955,10,10,11,2
44001,10,9,11,7
44048,11,10,12,9
44094,11,10,11,9
44141,10,13,12,10
44187,11,12,12,10
44234,11,14,11,8
44280,10,12,11,9
44326,10,13,12,11
44373,10,12,12,11
44419,10,11,11,10
44466,10,11,11,6
44512,9,13,11,7
44559,10,11,11,6
44605,9,11,11,7
44651,9,11,10,6
44698,9,12,10,6
44744,9,10,9,5
44791,8,12,9,3
44837,9,12,9,3
44884,9,10,9,5
44930,8,11,9,13
44977,8,11,8,9
45023,9,12,8,7
45069,8,13,8,7
45116,9,11,9,8
45162,9,12,8,7
45209,10,11,7,7
45255,8,12,7,7
45302,8,11,7,5
45348,9,10,7,5
45395,8,13,6,4
45441,8,12,7,4
45487,9,10,6,4
45534,7,11,7,4
45580,8,11,7,6
45627,8,11,9,8
45673,8,12,8,6
45720,8,10,7,7
45766,8,10,6,3
45812,7,10,7,5
45859,8,11,6,3
45905,7,11,6,3
45952,7,12,6,3
45998,8,10,6,3
46045,7,11,5,5
46091,7,11,6,6
46138,8,12,6,5
46184,7,11,7,4
46230,8,12,4,4
46277,7,9,4,3
46323,7,12,5,5
46370,7,10,5,3
46416,7,11,3,7
46463,7,8,4,4
46509,8,11,7,6
46555,7,9,6,4
46602,7,10,6,7
46648,7,9,6,5
46695,7,8,6,3
46741,7,10,6,9
46788,8,10,6,3
46834,7,9,6,3
46881,7,10,5,3
46927,7,10,6,3
46973,8,10,6,3
47020,6,11,8,3
47066,7,12,6,3
47113,6,11,6,5
47159,6,11,5,3
47206,7,11,5,5
47252,2,11,5,4
47299,0,10,6,3
47345,1,12,9,8
47391,0,11,9,9
47438,1,11,8,5
47484,4,13,9,5
47531,0,13,9,5
47577,0,13,8,4
47624,2,13,9,5
47670,6,14,9,5
47716,7,13,8,7
47763,10,14,8,7
47809,11,13,12,7
47856,11,13,11,6
47902,10,12,11,6
47949,10,11,11,4
47995,11,11,11,5
48042,10,13,10,5
48088,9,13,10,5
48134,9,12,10,5
48181,10,9,10,4
48227,10,11,10,3
48274,10,10,9,3
48320,10,10,10,3
48367,10,9,10,5
48413,10,10,10,4
48460,10,11,10,4
48506,10,11,10,4
48552,10,12,10,5
48599,10,12,9,7
48645,10,12,9,5
48692,10,11,9,4
48738,9,12,9,3
48785,9,12,10,3
48831,9,13,10,3
48877,8,11,9,3
48924,9,12,9,3
48970,9,11,9,3
49017,9,12,9,5
49063,9,11,9,3
49110,9,12,9,6
49156,9,11,8,4
49203,9,11,8,5
49249,6,9,9,7
49295,9,12,9,6
49342,9,11,8,7
49388,8,12,10,8
49435,9,11,8,3
49481,9,11,7,6
49528,6,9,8,6
49574,8,11,7,3
49621,9,11,7,3
49667,9,11,6,5
49713,9,11,8,5
49760,9,12,8,3
49806,6,9,6,2
49853,9,11,7,4
49899,9,11,7,9
49946,9,11,6,4
49992,8,11,6,4
50038,9,10,8,4
50085,7,11,7,8
50131,8,13,8,7
50178,8,13,6,8
50224,8,11,8,11
50271,8,14,11,9
50317,8,13,12,10
50364,8,13,10,5
50410,8,12,9,4
50456,7,12,10,4
50503,4,12,7,4
50549,7,11,8,9
50596,8,10,7,10
50642,8,11,5,5
50689,7,14,9,9
50735,7,12,7,8
50782,8,13,6,7
50828,8,12,7,6
50874,7,12,7,6
50921,7,11,7,4
50967,8,12,7,5
51014,8,10,8,5
51060,7,11,7,4
51107,7,11,7,4
51153,7,11,6,6
51199,7,11,6,2
51246,8,11,5,7
51292,8,10,7,3
51339,8,10,6,6
51385,7,9,5,3
51432,7,10,5,2
51478,6,12,14,8
51525,7,11,6,4
51571,7,12,8,3
51617,6,10,5,4
51664,7,10,7,3
51710,8,10,8,9
51757,7,11,10,11
51803,7,11,13,10
51850,7,12,10,7
51896,8,13,9,8
51943,8,13,9,8
51989,9,13,10,8
52035,8,13,10,7
52082,8,12,9,5
52128,7,11,9,11
52175,8,11,12,7
52221,10,11,11,14
52268,9,12,12,16
52314,11,13,12,11
52360,10,12,13,8
52407,11,12,12,7
52453,10,12,12,7
52500,9,13,13,12
52546,11,11,13,12
52593,10,10,13,13
52639,10,9,11,12
52686,11,9,11,11
52732,10,11,11,10
52778,10,13,12,7
52825,11,13,11,8
52871,11,12,11,6
52918,10,12,11,5
52964,10,9,12,4
53011,10,12,12,4
53057,10,11,11,3
53104,9,12,11,10
53150,9,10,11,6
53196,10,12,11,7
53243,10,13,10,4
53289,10,13,11,4
53336,10,12,10,8
53382,8,12,10,7
53429,10,11,10,7
53475,9,11,10,9
53521,8,11,10,10
53568,9,11,12,12
53614,9,10,11,9
53661,8,10,11,8
53707,9,12,13,9
53754,10,13,11,8
53800,9,13,7,3
53847,8,11,7,3
53893,7,11,7,2
53939,8,10,7,6
53986,7,10,7,7
54032,7,10,7,8
54079,9,13,7,7
54125,10,13,8,9
54172,10,12,8,9
54218,9,10,8,8
54265,9,10,7,6
54311,9,12,7,5
54357,9,12,8,5
54404,8,11,7,6
54450,7,11,6,4
54497,5,8,6,6
54543,8,9,6,4
54590,8,11,7,4
54636,7,11,6,4
54682,7,9,6,6
54729,7,11,8,7
54775,7,11,7,8
54822,8,12,7,4
54868,8,12,8,6
54915,7,12,5,4
54961,8,10,5,4
55008,7,11,5,4
55054,7,10,5,4
55100,7,12,4,7
55147,7,8,5,5
55193,8,10,7,5
55240,8,9,6,5
55286,8,10,6,7
55333,8,8,5,4
55379,8,9,6,5
55426,7,10,5,9
55472,7,9,5,5
55518,7,10,6,5
55565,8,10,6,4
55611,6,8,7,5
55658,7,10,6,3
55704,6,10,6,5
55751,7,11,5,3
55797,7,11,7,5
55843,6,10,8,5
55890,6,9,7,5
55936,5,9,14,11
55983,0,10,9,7
56029,3,11,12,11
56076,0,10,6,7
56122,1,10,5,5
56169,1,10,6,4
56215,4,10,9,9
56261,0,13,6,6
56308,0,14,7,8
56354,1,14,6,7
56401,0,13,5,6
56447,11,12,7,7
56494,10,13,12,5
56540,10,13,11,6
56587,10,12,11,6
56633,10,11,11,7
56679,10,12,11,10
56726,10,12,11,12
56772,10,11,11,12
56819,10,12,11,9
56865,9,14,9,9
56912,9,13,10,8
56958,9,12,9,6
57004,10,13,10,5
57051,9,12,10,5
57097,9,12,10,5
57144,9,12,10,4
57190,10,12,10,4
57237,10,12,9,5
57283,9,11,9,8
57330,10,13,9,4
57376,9,12,9,5
57422,8,11,9,4
57469,9,13,10,4
57515,9,12,10,3
57562,6,10,9,4
57608,9,11,9,4
57655,9,11,9,5
57701,9,11,9,1
57748,9,11,8,2
57794,8,11,8,3
57840,9,11,8,0
57887,9,10,9,5
57933,7,11,10,6
57980,9,11,8,5
58026,9,11,8,3
58073,9,11,8,5
58119,9,12,11,7
58165,9,11,8,7
58212,8,11,10,7
58258,8,11,14,12
58305,8,11,6,7
58351,10,12,8,3
58398,10,12,15,13
58444,10,12,7,2
58491,9,12,8,2
58537,10,12,6,2
58583,9,11,7,3
58630,9,12,7,6
58676,10,12,6,6
58723,11,12,6,5
58769,10,11,6,6
58816,9,13,5,5
58862,10,12,6,4
58909,10,12,6,5
58955,10,12,5,4
59001,9,11,5,5
59048,9,12,7,4
59094,10,12,5,4
59141,9,11,4,4
59187,9,12,6,4
59234,8,11,4,3
59280,8,11,6,3
59326,7,11,5,3
59373,8,11,4,3
59419,8,12,7,5
59466,7,11,9,9
59512,8,12,6,4
59559,7,11,9,9
59605,8,11,6,4
59652,8,11,7,9
59698,7,11,8,12
59744,7,11,7,9
59791,7,12,10,10
59837,6,13,10,10
59884,7,13,8,10
59930,7,13,7,9
59977,7,13,6,7
60023,6,12,5,6
60070,7,12,5,3
60116,6,12,4,3
60162,6,11,5,8
60209,5,10,6,15
60255,6,10,9,13
60302,5,9,8,13
60348,6,9,7,10
60395,7,11,6,9
60441,7,14,8,9
60487,6,11,3,6
60534,7,11,9,9
60580,9,11,8,13
60627,5,10,6,8
60673,6,13,11,9
60720,7,13,11,7
60766,7,12,9,7
60813,7,10,10,7
60859,6,10,11,5
60905,9,9,11,7
60952,6,9,13,8
60998,11,12,12,9
61045,10,11,12,8
61091,10,11,12,5
61138,11,13,12,3
61184,11,15,12,4
61231,11,11,11,5
61277,10,11,11,6
61323,11,12,11,2
61370,11,11,11,6
61416,11,12,11,4
61463,10,11,11,3
61509,11,12,11,6
61556,11,12,11,4
61602,11,12,12,12
61648,10,12,12,8
61695,10,12,12,6
61741,10,12,12,8
61788,7,13,11,7
61834,10,12,11,6
61881,11,13,12,8
61927,10,12,11,4
61974,10,13,11,4
62020,11,12,10,3
62066,8,11,10,6
62113,11,10,9,3
62159,9,11,11,6
62206,9,10,11,10
62252,9,11,9,7
62299,8,11,10,7
62345,8,12,9,8
62392,11,12,8,7
62438,11,12,8,7
62484,11,11,8,5
62531,10,12,8,5
62577,9,11,9,5
62624,9,12,9,4
62670,8,10,8,5
62717,9,10,7,7
62763,8,10,7,2
62809,8,11,6,7
62856,12,11,9,3
62902,9,10,9,6
62949,8,9,7,3
62995,8,11,7,3
63042,8,10,6,3
63088,7,12,6,4
63135,8,11,8,3
63181,7,10,7,5
63227,7,9,7,4
63274,9,11,9,5
63320,7,11,11,7
63367,7,11,12,9
63413,7,11,9,5
63460,8,10,6,7
63506,8,10,6,3
63553,11,12,11,5
63599,8,12,6,4
63645,7,11,4,3
63692,8,11,9,5
63738,9,11,5,3
63785,7,12,5,7
63831,5,8,7,6
63878,7,10,7,4
63924,7,8,7,5
63970,8,8,7,8
64017,7,10,7,5
64063,8,9,10,9
64110,7,9,12,9
64156,8,8,12,12
64203,6,11,8,7
64249,11,11,11,6
64296,7,9,7,13
64342,6,11,6,14
64388,6,10,13,12
64435,7,11,6,6
64481,8,12,7,7
64528,8,12,7,4
64574,6,11,4,3
64621,5,11,7,7
64667,3,11,7,8
64714,3,13,10,10
64760,4,13,6,11
64806,1,8,6,10
64853,2,9,6,13
64899,15,13,8,14
64946,13,8,11,9
64992,10,12,9,8
65039,8,12,8,6
65085,7,11,7,6
65131,11,12,12,10
65178,10,13,13,9
65224,9,13,12,8
65271,10,12,13,10
65317,10,12,13,12
65364,10,11,11,13
65410,13,12,10,12
65457,10,11,10,8
65503,12,11,10,6
65549,10,13,10,7
65596,10,12,12,5
65642,11,12,10,3
65689,10,11,10,5
65735,10,11,10,4
65782,10,12,10,3
65828,7,11,10,3
65875,10,11,10,2
65921,10,11,9,3
65967,9,12,9,7
66014,9,12,9,3
66060,9,12,9,4
66107,5,9,10,7
66153,9,13,10,3
66200,9,12,10,3
66246,9,12,10,4
66292,9,12,10,7
66339,9,12,9,7
66385,9,11,9,3
66432,9,12,9,5
66478,5,9,9,5
66525,8,10,8,3
66571,9,11,8,3
66618,10,11,10,5
66664,9,11,8,7
66710,9,12,11,4
66757,9,12,8,5
66803,9,14,13,8
66850,9,13,10,8
66896,9,11,9,13
66943,9,11,7,15
66989,8,11,8,14
67035,9,11,7,8
67082,9,14,11,8
67128,8,12,7,5
67175,9,13,7,5
67221,9,13,9,8
67268,8,12,7,7
67314,8,12,6,6
67361,8,10,6,8
67407,8,11,8,13
67453,12,11,8,13
67500,13,11,13,14
67546,9,11,8,7
67593,7,12,13,12
67639,9,12,7,7
67686,9,11,6,6
67732,8,11,6,4
67779,8,11,9,8
67825,8,11,5,3
67871,8,12,5,2
67918,8,11,5,3
67964,7,12,5,3
68011,8,11,5,5
68057,7,11,5,3
68104,8,10,8,5
68150,6,10,7,6
68196,8,11,6,4
68243,6,9,6,4
68289,8,12,6,6
68336,8,12,5,4
68382,7,12,5,5
68429,8,12,5,3
68475,7,11,5,4
68522,7,11,5,4
68568,7,10,5,4
68614,8,10,5,4
68661,8,10,8,5
68707,8,10,4,4
68754,8,10,5,3
68800,7,11,6,5
68847,7,11,4,8
68893,8,11,5,3
68940,7,11,7,8
68986,7,14,8,10
69032,5,13,7,9
69079,7,13,6,7
69125,7,12,4,3
69172,6,12,4,4
69218,6,12,4,5
69265,6,12,5,3
69311,5,11,7,6
69357,7,13,12,5
69404,8,12,10,4
69450,9,13,9,6
69497,8,12,11,6
69543,8,12,11,6
69590,9,11,10,5
69636,9,12,12,6
69683,11,12,12,4
69729,11,11,13,12
69775,9,14,12,8
69822,10,12,11,9
69868,14,11,11,12
69915,10,10,11,13
69961,9,12,11,13
70008,10,9,11,9
70054,11,12,12,8
70101,11,13,11,7
70147,10,12,10,7
70193,12,13,11,6
70240,12,13,11,11
70286,11,12,11,8
70333,12,11,12,7
70379,12,12,11,6
70426,10,11,11,5
70472,9,12,11,7
70518,10,10,11,10
70565,14,12,10,11
70611,14,9,9,10
70658,11,12,9,4
70704,13,13,9,4
70751,10,12,10,4
70797,10,10,9,2
70844,9,10,9,2
70890,9,8,9,2
70936,7,10,9,3
70983,10,11,8,2
71029,8,11,9,7
71076,9,10,7,2
71122,6,10,7,5
71169,12,10,7,2
71215,11,11,7,3
71262,7,11,7,4
71308,9,12,7,2
71354,7,12,7,3
71401,6,10,6,5
71447,7,10,6,2
71494,9,11,6,6
71540,7,12,7,3
71587,8,12,8,6
71633,8,10,8,3
71679,7,9,7,4
71726,8,9,7,5
71772,7,12,6,3
71819,8,11,6,3
71865,8,12,6,3
71912,7,10,6,2
71958,7,11,5,3
72005,8,10,6,3
72051,8,12,6,4
72097,8,11,5,3
72144,8,10,6,7
72190,7,9,5,2
72237,7,12,6,6
72283,7,11,4,3
72330,6,12,5,4
72376,7,10,5,5
72423,8,11,6,3
72469,7,11,4,7
72515,8,11,6,5
72562,6,11,6,3
72608,5,6,5,6
72655,8,10,6,6
72701,8,10,6,3
72748,7,8,5,3
72794,7,10,5,7
72840,7,9,6,6
72887,8,12,6,3
72933,7,9,7,3
72980,7,12,8,6
73026,7,12,6,3
73073,6,11,7,5
73119,7,12,6,3
73166,6,12,5,3
73212,6,12,5,5
73258,5,12,5,2
73305,1,12,5,3
73351,1,11,7,5
73398,0,11,5,3
73444,3,12,4,5
73491,5,10,7,4
73537,1,10,5,3
73584,0,10,5,3
73630,0,9,4,4
73676,1,9,7,8
73723,1,7,8,10
73769,4,8,7,7
73816,11,13,11,6
73862,11,13,13,8
73909,7,12,12,8
73955,10,13,11,8
74001,10,12,11,7
74048,11,13,11,5
74094,10,12,10,4
74141,9,11,10,3
74187,10,12,10,3
74234,10,13,11,6
74280,9,13,10,8
74327,10,13,10,11
74373,9,12,10,12
74419,9,13,11,10
74466,10,13,10,10
74512,9,13,10,9
74559,10,13,10,6
74605,11,13,9,6
74652,8,13,9,6
74698,10,13,9,5
74745,9,12,9,4
74791,8,12,11,10
74837,8,11,10,7
74884,9,12,10,6
74930,9,12,10,6
74977,9,12,9,5
75023,10,12,9,7
75070,9,12,9,5
75116,8,11,8,5
75162,7,11,9,5
75209,8,11,9,6
75255,9,12,10,6
75302,9,14,11,7
75348,9,14,11,9
75395,9,13,11,7
75441,9,13,10,5
75488,9,13,11,7
75534,8,13,10,9
75580,9,12,9,9
75627,9,13,8,7
75673,9,12,7,7
75720,9,11,6,8
75766,11,12,7,14
75813,13,11,7,9
75859,9,12,6,7
75906,8,14,6,6
75952,9,13,6,4
75998,8,12,6,5
76045,8,11,5,3
76091,10,9,8,5
76138,9,11,8,11
76184,9,13,10,7
76231,10,11,8,5
76277,10,11,6,4
76323,10,12,7,7
76370,9,10,8,12
76416,8,11,6,15
76463,8,11,6,14
76509,8,12,7,11
76556,8,11,6,6
76602,9,14,7,4
76649,8,13,5,3
76695,8,13,7,7
76741,5,13,6,6
76788,6,10,7,5
76834,6,11,7,5
76881,9,11,7,14
76927,7,10,6,7
76974,11,12,6,7
77020,13,12,6,5
77067,8,10,4,5
77113,9,10,5,4
77159,7,9,5,4
77206,8,9,4,4
77252,8,10,4,5
77299,7,10,4,5
77345,7,10,4,4
77392,7,10,4,3
77438,8,10,5,3
77484,8,9,5,4
77531,6,10,5,6
77577,7,10,5,3
77624,7,10,5,4
77670,6,11,5,3
77717,3,9,8,5
77763,6,12,5,5
77810,7,12,5,5
77856,7,11,5,6
77902,7,11,5,7
77949,7,10,4,5
77995,7,11,8,5
78042,7,11,10,4
78088,7,11,9,4
78135,8,11,10,4
78181,7,11,12,3
78228,8,10,11,7
78274,9,11,11,5
78320,11,12,13,6
78367,11,12,14,12
78413,10,12,13,11
78460,11,15,12,6
78506,11,13,11,6
78553,11,12,11,8
78599,11,13,11,4
78645,10,12,11,4
78692,10,9,11,4
78738,10,12,11,3
78785,11,10,11,3
78831,8,11,11,4
78878,11,10,11,2
78924,11,12,11,4
78971,10,12,13,8
79017,10,14,14,11
79063,9,12,13,10
79110,10,13,12,7
79156,10,12,11,6
79203,7,10,11,7
79249,10,12,10,7
79296,13,12,11,9
79342,15,11,10,9
79389,12,11,9,10
79435,11,12,9,10
79481,7,11,9,10
79528,9,11,9,11
79574,9,9,8,11
79621,8,10,9,10
79667,7,11,9,9
79714,8,12,8,9
79760,8,11,7,8
79806,5,9,8,8
79853,9,9,7,6
79899,8,10,7,3
79946,8,11,11,8
79992,7,12,8,6
80039,10,11,9,7
80085,9,11,7,6
80132,9,10,7,6
80178,7,10,6,9
80224,7,11,7,12
80271,14,13,8,11
80317,12,10,7,8
80364,7,9,7,6
80410,10,11,7,8
80457,8,13,9,9
80503,7,11,9,10
80550,9,14,9,9
80596,8,12,7,9
80642,9,14,7,7
80689,7,9,5,4
80735,7,12,4,7
80782,8,11,4,10
80828,11,10,6,11
80875,8,10,6,11
80921,10,11,5,11
80967,9,10,4,7
81014,7,12,4,5
81060,8,12,8,5
81107,7,12,4,5
81153,8,11,5,6
81200,9,12,6,4
81246,8,11,6,3
81293,7,9,6,6
81339,8,10,5,6
81385,7,10,7,3
81432,9,10,5,5
81478,9,11,7,4
81525,8,9,5,4
81571,7,10,11,3
81618,7,10,7,3
81664,7,12,6,3
81711,7,11,6,3
81757,7,12,7,5
81803,7,12,6,5
81850,6,12,6,3
81896,6,11,4,5
81943,2,12,6,3
81989,0,11,6,9
82036,1,12,6,14
82082,0,11,5,15
82128,5,11,6,9
82175,6,14,11,9
82221,3,14,9,7
82268,5,13,9,6
82314,4,12,7,5
82361,4,12,5,2
82407,3,11,5,2
82454,8,12,4,3
82500,11,11,12,4
82546,11,12,12,3
82593,9,12,12,5
82639,10,10,11,4
82686,11,14,12,6
82732,10,12,11,5
82779,9,11,11,10
82825,10,11,10,11
82872,10,11,10,12
82918,10,11,10,10
82964,10,10,10,6
83011,10,12,11,6
83057,10,11,10,6
83104,10,10,10,3
83150,10,11,11,7
83197,10,13,10,6
83243,10,12,10,5
83289,10,13,9,5
83336,10,13,9,4
83382,9,12,9,7
83429,9,12,9,10
83475,8,12,10,11
83522,8,13,10,10
83568,9,12,9,7
83615,9,12,9,4
83661,10,13,9,5
83707,9,13,9,7
83754,9,12,9,3
83800,9,11,8,5
83847,10,12,8,2
83893,10,12,8,4
83940,9,11,10,7
83986,10,14,12,9
84033,8,14,11,9
84079,8,11,8,7
84125,9,11,8,9
84172,9,10,7,7
84218,8,12,9,8
84265,8,11,9,7
84311,8,11,8,6
84358,8,11,7,8
84404,9,11,6,7
84450,8,11,7,5
84497,8,10,6,3
84543,9,10,7,4
84590,9,11,6,3
84636,8,10,6,3
84683,8,11,6,3
84729,9,11,5,3
84776,8,11,6,5
84822,10,11,6,4
84868,7,11,6,3
84915,9,11,8,4
84961,9,11,6,3
85008,8,11,5,6
85054,9,11,6,3
85101,9,11,5,3
85147,9,12,6,3
85194,8,11,5,3
85240,9,12,5,2
85286,9,11,4,4
85333,8,11,4,4
85379,9,13,6,8
85426,9,12,7,8
85472,10,12,7,8
85519,10,12,6,6
85565,10,12,5,5
85611,9,11,7,4
85658,8,12,5,3
85704,8,12,7,6
85751,8,11,6,5
85797,9,11,6,6
85844,9,11,6,6
85890,8,11,5,2
85937,8,11,5,7
85983,8,10,5,4
86029,8,10,5,5
86076,7,10,4,3
86122,7,10,5,3
86169,7,10,5,3
86215,7,10,4,4
86262,7,11,6,3
86308,8,10,5,5
86354,8,10,6,8
86401,8,13,7,7
86447,9,12,6,7
86494,9,11,6,10
86540,12,10,7,11
86587,10,10,5,11
86633,7,10,5,11
86680,8,10,9,8
86726,7,11,9,4
86772,8,13,10,6
86819,10,12,9,5
86865,9,11,11,4
86912,9,10,11,7
86958,9,11,12,5
87005,11,12,13,13
87051,10,11,12,7
87098,11,13,12,8
87144,11,11,12,5
87190,8,11,11,5
87237,10,11,11,7
87283,11,12,11,4
87330,10,10,11,7
87376,11,10,11,9
87423,13,10,11,9
87469,13,9,11,7
87515,9,11,11,4
87562,10,10,11,3
87608,11,11,11,3
87655,11,11,11,3
87701,12,13,12,7
87748,12,12,11,12
87794,11,11,11,14
87841,9,10,11,11
87887,9,14,12,9
87933,10,14,10,8
87980,10,13,11,6
88026,9,12,9,3
88073,9,11,9,3
88119,9,11,9,3
88166,9,11,10,13
88212,9,11,9,16
88259,9,10,9,15
88305,8,11,9,12
88351,8,11,8,7
88398,9,12,8,6
88444,9,14,12,8
88491,8,12,11,8
88537,8,13,10,7
88584,8,13,9,5
88630,8,12,8,6
88676,8,12,8,6
88723,7,11,9,8
88769,7,11,10,9
88816,7,11,9,11
88862,7,10,10,11
88909,7,9,9,10
88955,7,11,9,8
89002,8,12,9,6
89048,9,12,9,6
89094,8,11,8,7
89141,7,11,7,4
89187,7,10,6,4
89234,8,11,5,1
89280,7,11,5,1
89327,7,12,5,1
89373,7,9,5,2
89420,8,12,4,4
89466,8,11,5,6
89512,9,12,6,3
89559,7,11,7,3
89605,8,12,7,3
89652,7,9,4,1
89698,7,12,4,4
89745,12,10,8,3
89791,7,11,6,7
89837,7,8,4,3
89884,7,11,7,5
89930,8,9,5,3
89977,6,10,6,6
90023,7,9,6,4
90070,7,8,6,4
90116,7,11,11,9
90163,7,10,11,3
90209,7,10,6,2
90255,8,10,6,2
90302,7,10,7,1
90348,7,10,6,1
90395,7,11,11,6
90441,9,11,8,3
90488,6,11,7,5
90534,6,11,6,3
90581,7,10,4,4
90627,3,11,5,4
90673,7,12,10,3
90720,2,12,6,4
90766,0,11,4,4
90813,0,11,4,5
90859,3,10,5,5
90906,1,11,7,8
90952,3,13,8,8
90998,1,12,8,8
91045,1,11,6,6
91091,2,9,10,5
91138,11,12,13,5
91184,11,11,12,4
91231,11,12,12,6
91277,11,12,12,8
91324,10,12,12,7
91370,10,12,11,7
91416,10,12,11,6
91463,10,12,10,6
91509,10,12,11,6
91556,10,11,10,4
91602,10,11,10,3
91649,10,11,11,3
91695,10,10,10,2
91742,10,9,10,4
91788,10,10,10,4
91834,10,11,10,4
91881,10,12,10,3
91927,10,12,10,3
91974,10,12,9,7
92020,10,13,10,4
92067,11,13,9,6
92113,9,13,9,6
92159,10,12,10,5
92206,10,13,10,5
92252,9,12,9,5
92299,9,13,9,5
92345,9,12,9,4
92392,10,12,8,4
92438,10,12,8,4
92485,9,12,8,5
92531,9,12,8,3
92577,9,11,8,5
92624,8,10,8,5
92670,9,12,8,4
92717,10,12,11,6
92763,10,11,8,4
92810,9,11,8,3
92856,8,11,8,6
92903,6,8,8,6
92949,9,11,7,3
92995,9,11,7,4
93042,9,11,6,5
93088,9,11,9,6
93135,9,12,7,4
93181,6,9,6,4
93228,8,14,10,9
93274,9,13,9,8
93320,9,13,9,7
93367,9,12,9,7
93413,9,13,9,6
93460,9,13,8,6
93506,9,12,7,4
93553,9,12,7,4
93599,8,12,9,6
93646,9,11,11,8
93692,8,12,6,7
93738,12,14,13,6
93785,9,12,5,5
93831,8,11,6,5
93878,5,10,13,7
93924,7,12,5,11
93971,11,11,6,12
94017,11,11,6,7
94064,8,11,4,5
94110,9,13,8,6
94156,9,12,6,5
94203,9,11,6,3
94249,11,12,6,5
94296,8,11,9,3
94342,8,10,8,7
94389,9,10,7,5
94435,8,12,7,4
94481,10,11,7,5
94528,8,12,6,7
94574,8,11,5,3
94621,7,10,4,7
94667,7,10,5,4
94714,8,9,11,9
94760,9,11,10,12
94807,10,13,6,12
94853,6,12,8,11
94899,7,11,14,8
94946,7,11,7,5
94992,8,12,7,6
95039,7,11,4,3
95085,8,13,7,4
95132,8,13,7,5
95178,9,12,7,5
95225,10,13,9,5
95271,4,10,5,7
95317,6,10,4,3
95364,6,10,10,12
95410,7,11,10,6
95457,9,11,10,5
95503,10,10,9,6
95550,10,9,11,4
95596,9,10,10,8
95642,8,10,12,5
95689,11,12,12,5
95735,10,11,13,5
95782,11,13,12,5
95828,10,12,12,3
95875,10,13,12,5
95921,11,11,11,6
95968,11,10,12,5
96014,10,9,11,2
96060,10,9,11,2
96107,11,11,11,4
96153,11,10,11,2
96200,11,12,11,3
96246,12,11,11,2
96293,11,11,11,2
96339,10,10,16,4
96386,10,12,11,2
96432,10,11,12,3
96478,10,12,11,3
96525,10,9,11,2
96571,10,12,11,6
96618,10,12,10,3
96664,10,13,11,4
96711,10,12,10,3
96757,10,10,9,3
96803,9,10,11,2
96850,9,11,11,3
96896,9,11,8,2
96943,9,11,9,3
96989,9,11,8,4
97036,9,14,8,7
97082,8,13,9,10
97129,8,14,9,8
97175,8,14,9,6
97221,7,13,7,6
97268,7,12,7,10
97314,7,12,8,7
97361,9,12,7,5
97407,10,13,7,6
97454,9,10,6,5
97500,9,11,6,7
97547,10,10,7,6
97593,7,11,7,6
97639,10,10,8,7
97686,7,12,7,8
97732,9,12,7,10
97779,8,11,7,11
97825,7,12,7,12
97872,6,8,7,10
97918,7,13,6,8
97964,7,14,5,8
98011,8,14,13,8
98057,8,14,13,9
98104,9,14,12,8
98150,9,13,9,8
98197,7,12,7,5
98243,8,10,6,5
98290,7,13,5,5
98336,7,11,5,5
98382,9,11,5,7
98429,11,11,5,8
98475,11,12,5,8
98522,9,9,6,8
98568,7,10,7,8
98615,10,8,6,9
98661,8,9,6,9
98708,6,8,6,9
98754,7,10,6,9
98800,8,10,6,10
98847,7,10,8,8
98893,8,10,5,8
98940,8,10,6,7
98986,5,8,7,7
99033,7,10,7,6
99079,6,10,6,6
99125,7,11,5,3
99172,6,10,6,4
99218,6,10,5,3
99265,6,8,5,3
99311,1,9,4,3
99358,3,11,5,2
99404,0,10,4,3
99451,0,10,7,7
99497,0,10,5,4
99543,1,10,5,4
99590,2,10,5,3
99636,1,8,9,3
99683,2,8,3,3
99729,2,8,4,3
99776,0,6,5,3
99822,12,11,7,6
99869,12,11,12,8
99915,10,13,12,7
99961,12,13,12,7
100008,12,13,11,6
100054,10,12,11,5
100101,11,12,11,5
100147,9,12,10,2
100194,10,11,10,5
100240,10,11,10,2
100286,10,11,10,2
100333,9,10,10,3
100379,10,10,10,2
100426,10,9,10,4
100472,10,10,10,4
100519,9,10,10,3
100565,10,12,10,3
100612,10,12,10,4
100658,10,13,9,7
100704,10,13,9,2
100751,9,12,9,3
100797,7,11,10,4
100844,9,13,10,3
100890,9,12,10,3
100937,6,10,10,4
100983,9,11,9,5
101030,9,11,9,6
101076,9,11,9,2
101122,9,11,8,3
101169,8,10,8,3
101215,9,11,9,5
101262,9,11,8,4
101308,7,11,10,5
101355,9,10,10,9
101401,9,11,8,4
101447,9,11,9,6
101494,9,12,8,3
101540,9,10,7,6
101587,8,11,8,5
101633,9,11,7,4
101680,9,11,7,8
101726,9,11,7,3
101773,9,11,9,5
101819,9,11,7,10
101865,6,10,7,12
101912,9,11,7,13
101958,9,10,7,9
102005,9,11,8,11
102051,10,12,9,6
102098,9,12,10,6
102144,9,11,8,6
102191,10,12,8,6
102237,11,11,7,3
102283,10,12,5,4
102330,8,11,5,3
102376,10,12,6,4
102423,10,11,6,3
102469,10,12,5,3
102516,10,12,5,2
102562,5,11,6,3
102608,8,11,4,3
102655,9,12,5,3
102701,9,11,4,3
102748,7,11,4,3
102794,8,12,8,4
102841,8,11,10,7
102887,8,12,6,3
102934,7,11,7,5
102980,8,12,7,5
103026,8,11,8,5
103073,8,11,9,7
103119,7,11,7,4
103166,7,11,6,4
103212,8,11,5,3
103259,7,10,6,2
103305,8,9,5,5
103352,8,9,6,4
103398,7,9,6,5
103444,8,10,5,3
103491,7,10,6,3
103537,7,12,11,8
103584,7,10,5,4
103630,7,10,5,3
103677,7,10,5,3
103723,7,9,7,4
103769,7,10,8,5
103816,8,11,11,11
103862,8,12,12,9
103909,7,12,7,6
103955,7,11,5,9
104002,14,10,7,12
104048,11,14,10,9
104095,13,13,11,9
104141,7,12,11,7
104187,6,12,10,7
104234,5,12,11,6
104280,9,12,11,8
104327,8,12,13,9
104373,11,12,13,11
104420,10,11,12,7
104466,9,13,12,10
104513,10,14,12,9
104559,10,14,12,9
104605,11,12,13,9
104652,11,11,13,9
104698,10,8,12,6
104745,10,11,11,3
104791,10,12,11,4
104838,10,12,11,3
104884,11,12,11,3
104930,10,12,11,3
104977,10,12,11,4
105023,10,10,12,5
105070,10,11,12,2
105116,10,11,12,3
105163,10,12,11,5
105209,10,9,11,2
105256,10,11,10,4
105302,9,11,10,2
105348,10,13,11,3
105395,9,12,10,2
105441,7,10,9,5
105488,9,10,9,4
105534,9,10,9,3
105581,9,10,9,3
105627,10,11,12,8
105674,9,11,10,5
105720,6,10,14,13
105766,8,11,12,8
105813,8,11,8,5
105859,9,11,7,2
105906,8,12,7,4
105952,7,12,7,3
105999,8,11,7,3
106045,8,11,7,4
106091,7,9,7,7
106138,8,11,10,10
106184,8,13,12,9
106231,7,14,11,7
106277,6,12,9,9
106324,6,9,10,13
106370,8,10,7,7
106417,7,13,6,7
106463,8,12,7,7
106509,8,9,6,6
106556,5,11,6,6
106602,7,12,6,5
106649,7,10,6,5
106695,8,9,8,5
106742,8,10,7,6
106788,8,10,8,5
106835,7,11,8,8
106881,7,10,8,4
106927,8,12,8,5
106974,7,11,7,4
107020,7,11,5,3
107067,7,11,5,5
107113,6,14,5,3
107160,7,14,7,9
107206,6,13,7,9
107252,7,12,6,7
107299,7,11,6,6
107345,7,7,7,9
107392,15,13,6,10
107438,8,7,6,11
107485,8,9,5,11
107531,6,7,5,11
107578,7,10,5,9
107624,7,9,6,3
107670,4,9,8,6
107717,6,11,8,10
107763,7,9,7,6
107810,6,11,6,3
107856,7,11,9,5
107903,6,12,6,4
107949,6,10,7,4
107995,3,11,11,9
108042,1,11,11,10
108088,2,11,7,6
108135,4,11,11,8
108181,2,7,6,4
108228,1,10,7,5
108274,4,10,7,4
108321,1,8,4,4
108367,0,7,4,3
108413,0,8,5,4
108460,1,6,4,4
108506,12,11,8,6
108553,11,12,12,4
108599,10,11,12,5
108646,11,13,12,3
108692,10,12,11,5
108739,10,12,11,2
108785,10,12,11,3
108831,10,12,10,2
108878,10,11,10,3
108924,10,11,10,6
108971,10,10,10,8
109017,11,14,11,11
109064,13,14,10,12
109110,11,13,10,12
109156,12,11,10,10
109203,8,11,10,8
109249,10,12,9,11
109296,11,12,9,10
109342,9,11,9,10
109389,9,12,9,10
109435,10,11,9,10
109482,7,10,9,12
109528,9,12,9,12
109574,8,12,10,12
109621,9,12,9,14
109667,9,11,9,14
109714,9,12,9,12
109760,10,11,9,9
109807,9,11,8,4
109853,5,9,9,5
109900,9,10,8,5
109946,9,12,12,10
109992,11,13,10,8
110039,10,14,11,10
110085,9,12,9,5
110132,11,11,8,5
110178,9,11,13,13
110225,8,13,9,11
110271,8,14,9,10
110317,8,11,10,9
110364,9,11,9,10
110410,14,11,8,10
110457,12,15,12,11
110503,13,11,6,9
110550,8,10,6,9
110596,7,9,6,8
110643,8,10,7,10
110689,8,9,5,10
110735,8,10,6,10
110782,8,10,7,8
110828,8,12,6,4
110875,10,11,5,3
110921,10,11,5,2
110968,10,11,6,3
111014,10,10,6,5
111061,10,10,5,4
111107,8,10,6,3
111153,8,10,4,2
111200,8,11,4,3
111246,8,12,4,3
111293,7,12,5,6
111339,9,11,5,3
111386,8,11,5,6
111432,8,11,4,3
111478,7,10,8,6
111525,9,11,7,6
111571,7,11,6,5
111618,5,8,9,8
111664,8,11,5,6
111711,8,11,8,7
111757,7,11,5,5
111804,7,11,8,6
111850,7,12,7,8
111896,9,11,6,9
111943,7,10,7,10
111989,7,10,6,15
112036,8,10,7,16
112082,7,10,6,12
112129,8,13,10,10
112175,14,13,8,10
112222,9,12,6,9
112268,8,11,5,6
112314,7,9,5,7
112361,6,10,7,8
112407,4,6,6,7
112454,6,11,6,5
112500,5,11,4,3
112547,7,11,5,5
112593,6,10,5,7
112639,7,10,3,3
112686,7,9,6,4
112732,5,10,10,4
112779,5,11,10,5
112825,7,11,9,5
112872,7,10,12,4
112918,7,10,11,6
112965,9,10,11,5
113011,10,11,13,7
113057,11,12,12,5
113104,11,12,13,7
113150,11,11,12,6
113197,11,12,12,5
113243,11,13,11,7
113290,10,11,11,3
113336,11,12,11,4
113383,11,9,11,3
113429,11,10,11,3
113475,11,11,11,4
113522,8,10,11,5
113568,11,12,11,5
113615,11,13,11,5
113661,10,12,11,4
113708,11,12,11,5
113754,10,11,12,4
113800,10,11,12,3
113847,10,12,11,5
113893,9,9,11,4
113940,10,11,10,4
113986,8,10,10,3
114033,10,13,10,4
114079,10,12,9,4
114126,10,12,10,6
114172,9,11,9,3
114218,9,11,9,4
114265,9,8,10,7
114311,9,11,9,3
114358,9,11,9,3
114404,9,11,9,7
114451,8,11,8,3
114497,7,10,8,5
114544,8,10,7,3
114590,8,11,7,3
114636,8,12,7,5
114683,8,12,7,3
114729,8,12,6,3
114776,7,10,7,4
114822,8,9,7,2
114869,7,11,6,6
114915,8,11,7,3
114961,8,12,8,5
115008,8,10,8,3
115054,6,9,7,4
115101,8,9,7,5
115147,8,12,6,4
115194,8,10,6,3
115240,8,12,6,3
115287,8,9,6,3
115333,7,11,6,3
115379,8,10,5,3
115426,7,12,5,3
115472,8,11,5,3
115519,6,10,6,6
115565,8,9,5,3
115612,7,11,5,7
115658,7,11,5,3
115705,7,12,5,4
115751,7,10,8,6
115797,7,11,5,4
115844,7,11,4,7
115890,8,12,6,5
115937,7,11,7,4
115983,9,10,8,7
116030,9,11,8,7
116076,9,10,8,5
116122,10,9,7,11
116169,13,12,7,15
116215,10,9,7,13
116262,12,12,5,7
116308,12,13,8,7
116355,14,13,8,8
116401,6,12,9,7
116448,5,13,9,7
116494,4,14,9,6
116540,7,14,8,5
116587,6,11,7,8
116633,4,11,6,5
116680,3,14,7,8
116726,8,11,7,8
116773,5,13,5,7
116819,2,11,7,8
116866,8,13,7,8
116912,5,12,7,7
116958,0,12,6,7
117005,2,12,6,7
117051,3,11,6,6
117098,3,9,5,6
117144,5,8,7,9
117191,12,11,10,15
117237,12,11,12,15
117283,12,11,12,15
117330,12,14,12,7
117376,13,12,10,9
117423,9,12,10,6
117469,9,10,10,5
117516,10,11,10,5
117562,10,12,10,7
117609,9,13,10,8
117655,10,12,10,8
117701,10,11,10,7
117748,10,12,10,8
117794,10,11,10,5
117841,9,11,10,6
117887,9,10,10,5
117934,10,12,10,4
117980,10,12,9,4
118027,9,13,9,4
118073,10,12,9,3
118119,9,12,9,4
118166,9,12,10,5
118212,9,11,10,4
118259,9,12,10,4
118305,9,11,9,3
118352,9,11,9,3
118398,9,11,9,7
118444,8,11,9,2
118491,9,10,10,8
118537,9,14,12,11
118584,9,14,9,6
118630,9,13,8,4
118677,8,13,8,3
118723,9,13,7,7
118770,9,12,7,4
118816,9,13,12,10
118862,8,14,9,8
118909,8,12,8,8
118955,7,12,8,7
119002,9,13,7,7
119048,9,12,7,8
119095,9,12,6,6
119141,9,12,7,5
119188,9,11,7,4
119234,9,10,7,5
119280,8,11,6,4
119327,8,11,6,5
119373,9,11,6,4
119420,9,11,8,5
119466,8,10,9,5
119513,9,12,8,4
119559,9,11,6,3
119605,9,11,7,3
119652,9,11,6,3
119698,8,11,5,7
119745,9,10,5,3
119791,9,11,6,3
119838,8,11,6,3
119884,8,12,6,4
119931,8,11,5,3
119977,8,11,8,5
120023,8,11,4,2
120070,8,11,5,5
120116,5,8,6,3
120163,8,11,8,6
120209,7,14,8,8
120256,8,13,7,8
120302,7,12,8,6
120349,7,12,8,7
120395,8,11,9,11
120441,15,15,10,13
120488,13,9,6,13
120534,8,9,6,14
120581,6,9,5,13
120627,7,9,4,7
120674,6,13,5,9
120720,5,12,6,8
120766,9,14,6,7
120813,8,13,6,8
120859,9,12,5,7
120906,7,11,5,7
120952,9,12,5,5
120999,9,12,4,5
121045,9,13,4,5
121092,6,11,8,6
121138,8,11,11,8
121184,9,12,9,7
121231,9,12,8,6
121277,7,11,5,6
121324,9,11,5,3
121370,7,11,9,5
121417,7,12,10,4
121463,7,11,9,4
121510,8,10,9,5
121556,6,11,11,6
121602,7,10,11,9
121649,10,10,12,9
121695,11,12,13,9
121742,10,12,12,10
121788,10,12,13,9
121835,11,11,12,6
121881,12,12,12,7
121927,11,11,13,9
121974,12,13,13,8
122020,11,11,12,7
122067,12,10,11,4
122113,12,11,11,4
122160,12,10,11,3
122206,10,12,11,3
122253,10,10,11,3
122299,12,13,11,4
122345,11,11,11,2
122392,10,13,12,3
122438,10,12,12,3
122485,11,11,11,8
122531,10,12,11,12
122578,8,11,11,14
122624,10,12,10,12
122671,7,10,11,8
122717,9,14,10,9
122763,9,12,9,8
122810,11,14,9,7
122856,9,11,9,6
122903,10,13,9,6
122949,9,10,10,6
122996,9,12,11,7
123042,10,11,11,8
123088,10,13,11,9
123135,9,12,14,9
123181,8,9,8,6
123228,8,10,7,5
123274,6,11,7,3
123321,7,10,7,5
123367,7,11,7,2
123414,8,11,7,3
123460,7,11,8,5
123506,7,10,7,3
123553,7,10,6,3
123599,8,11,7,4
123646,9,12,8,4
123692,8,11,7,3
123739,7,10,8,7
123785,8,8,8,8
123832,8,10,6,3
123878,8,10,6,4
123924,9,12,6,3
123971,8,10,6,3
124017,8,11,7,3
124064,8,10,7,4
124110,8,12,7,5
124157,7,11,7,6
124203,7,11,8,6
124249,7,10,8,5
124296,7,11,6,5
124342,7,9,9,7
124389,7,12,4,5
124435,7,10,5,3
124482,6,11,4,5
124528,7,9,7,7
124575,8,12,7,5
124621,8,10,6,3
124667,5,9,7,7
124714,8,9,6,6
124760,8,9,7,4
124807,7,10,6,6
124853,7,10,6,4
124900,8,9,6,4
124946,6,10,5,3
124993,7,10,7,3
125039,6,12,7,11
125085,7,11,6,16
125132,7,12,8,16
125178,7,11,7,6
125225,6,12,11,14
125271,7,11,9,10
125318,5,11,12,9
125364,4,13,11,8
125410,3,14,12,11
125457,2,12,9,8
125503,3,13,10,8
125550,4,13,9,6
125596,3,12,8,6
125643,3,12,5,4
125689,0,9,6,9
125736,0,7,7,12
125782,1,7,6,12
125828,8,11,6,10
125875,11,11,12,9
125921,11,12,12,7
125968,9,12,12,8
126014,10,12,12,5
126061,10,14,13,10
126107,10,11,12,9
126154,10,12,11,9
126200,10,14,11,7
126246,10,12,10,6
126293,9,11,11,3
126339,10,10,9,5
126386,10,9,10,2
126432,10,9,10,6
126479,10,9,10,2
126525,10,11,11,10
126571,10,11,10,5
126618,10,12,10,4
126664,10,12,9,4
126711,10,12,9,3
126757,9,12,9,2
126804,9,12,9,8
126850,11,13,10,14
126897,9,13,10,15
126943,9,12,9,13
126989,9,12,9,4
127036,9,11,12,13
127082,9,14,12,9
127129,8,13,11,7
127175,8,13,10,7
127222,9,13,9,5
127268,9,13,9,5
127315,8,12,9,6
127361,9,11,8,4
127407,9,11,8,7
127454,9,11,10,10
127500,8,11,8,10
127547,9,11,7,12
127593,9,10,8,11
127640,9,12,7,11
127686,8,11,7,5
127732,9,11,6,7
127779,8,11,7,6
127825,8,11,7,3
127872,7,11,6,2
127918,9,10,6,4
127965,9,11,6,3
128011,9,10,6,3
128058,9,11,6,3
128104,9,10,6,3
128150,8,11,6,5
128197,9,11,6,3
128243,9,11,6,3
128290,9,11,5,5
128336,8,11,6,3
128383,9,11,6,6
128429,9,11,5,3
128475,9,10,6,3
128522,9,11,5,2
128568,8,11,5,3
128615,9,12,4,3
128661,11,11,9,3
128708,7,11,6,2
128754,8,10,5,3
128801,5,10,7,5
128847,8,11,7,4
128893,7,11,8,5
128940,7,12,7,6
128986,8,12,6,3
129033,8,12,6,4
129079,8,12,5,3
129126,8,11,5,3
129172,8,11,5,4
129219,8,11,4,6
129265,7,11,5,3
129311,7,11,8,12
129358,13,11,9,5
129404,8,10,7,5
129451,9,10,5,5
129497,7,9,5,8
129544,11,11,12,10
129590,10,12,7,7
129636,11,12,8,7
129683,11,11,8,7
129729,9,11,8,5
129776,9,11,7,6
129822,9,11,7,4
129869,9,12,6,4
129915,8,11,6,5
129962,7,10,8,9
130008,7,10,7,8
130054,7,11,11,5
130101,7,12,10,7
130147,9,12,9,7
130194,9,11,9,7
130240,8,10,11,7
130287,10,11,11,8
130333,11,12,11,6
130380,12,12,12,5
130426,11,10,12,5
130472,11,13,12,7
130519,10,12,12,3
130565,9,10,11,5
130612,10,11,11,6
130658,11,11,11,3
130705,10,9,11,2
130751,12,11,12,3
130797,10,10,12,3
130844,10,10,11,2
130890,10,12,11,4
130937,11,9,11,2
130983,11,11,11,2
131030,10,14,11,8
131076,9,15,12,8
131123,9,12,11,7
131169,10,13,11,6
131215,9,12,10,4
131262,9,13,11,9
131308,10,12,10,13
131355,9,12,11,16
131401,9,11,10,16
131448,12,11,12,9
131494,9,12,11,8
131541,9,13,10,9
131587,10,10,9,7
131633,8,11,8,5
131680,8,10,8,2
131726,9,11,10,10
131773,9,11,9,5
131819,7,13,8,6
131866,8,11,10,5
131912,7,12,8,5
131958,8,13,8,3
132005,8,11,8,5
132051,7,9,7,5
132098,12,10,11,9
132144,9,11,7,14
132191,6,11,7,11
132237,6,10,8,12
132284,10,11,9,10
132330,11,11,9,8
132376,11,10,9,6
132423,7,11,7,5
132469,8,9,9,12
132516,8,10,6,5
132562,8,11,6,6
132609,9,11,5,5
132655,9,11,7,7
132702,10,14,10,7
132748,10,13,9,6
132794,9,13,7,6
132841,8,13,6,6
132887,7,11,6,4
132934,8,12,8,7
132980,7,11,6,8
133027,6,9,6,8
133073,7,11,7,9
133119,7,10,6,9
133166,8,11,6,9
133212,7,8,7,7
133259,7,10,8,7
133305,7,8,6,6
133352,7,11,6,7
133398,8,8,6,5
133445,8,10,7,4
133491,9,12,7,10
133537,9,12,6,8
133584,9,12,7,8
133630,8,12,5,6
133677,6,11,6,3
133723,7,12,6,5
133770,8,13,8,8
133816,12,10,5,9
133863,6,11,7,10
133909,5,14,8,10
133955,6,10,5,11
134002,1,10,5,13
134048,10,9,6,7
134095,3,13,8,5
134141,12,12,4,4
134188,7,11,8,6
134234,5,11,6,7
134280,3,12,8,5
134327,4,12,5,4
134373,6,10,5,3
134420,5,8,4,3
134466,2,9,5,3
134513,10,12,5,4
134559,11,11,12,4
134606,11,12,12,3
134652,10,12,12,5
134698,10,12,11,3
134745,10,12,11,4
134791,10,12,11,4
134838,10,12,11,3
134884,10,12,10,4
134931,10,11,10,2
134977,10,11,10,2
135024,10,10,10,3
135070,10,10,10,2
135116,10,9,10,3
135163,10,10,10,4
135209,10,11,10,3
135256,10,12,10,3
135302,10,12,10,4
135349,10,12,9,7
135395,10,12,9,2
135441,10,12,9,3
135488,9,11,9,2
135534,9,12,10,3
135581,9,12,10,3
135627,7,10,9,3
135674,9,12,9,3
135720,9,12,9,5
135767,9,12,9,6
135813,9,12,8,7
135859,10,14,9,9
135906,12,13,8,8
135952,10,12,8,8
135999,9,11,8,6
136045,11,11,8,5
136092,11,12,8,7
136138,12,12,8,9
136185,11,11,9,9
136231,9,10,7,8
136277,7,8,10,9
136324,9,10,7,8
136370,10,10,7,9
136417,8,10,7,10
136463,9,11,9,10
136510,8,11,7,10
136556,5,9,6,9
136602,9,11,6,9
136649,9,11,6,8
136695,9,10,7,7
136742,9,11,7,6
136788,9,10,7,3
136835,8,11,6,5
136881,9,11,6,4
136928,8,11,6,4
136974,9,11,6,6
137020,9,12,6,4
137067,8,12,6,6
137113,10,13,9,7
137160,10,12,8,6
137206,9,12,6,4
137253,6,13,10,9
137299,9,13,9,9
137346,10,14,9,10
137392,8,12,7,9
137438,7,12,7,8
137485,8,12,8,8
137531,8,12,7,7
137578,12,12,7,7
137624,10,11,8,8
137671,12,13,9,7
137717,10,11,5,6
137763,7,9,4,7
137810,6,10,4,6
137856,7,11,9,12
137903,8,10,5,9
137949,7,10,6,8
137996,15,12,4,8
138042,13,10,3,6
138089,7,8,4,6
138135,6,8,4,2
138181,10,9,5,1
138228,9,10,7,3
138274,6,10,4,3
138321,6,10,4,2
138367,8,10,4,3
138414,6,10,4,2
138460,7,10,5,3
138507,7,11,4,3
138553,8,11,3,3
138599,6,11,4,3
138646,7,11,5,7
138692,7,10,4,3
138739,8,11,9,6
138785,6,11,10,3
138832,7,10,9,3
138878,6,8,9,3
138924,7,9,15,4
138971,2,6,11,4
139017,6,9,10,5
139064,7,9,11,7
139110,8,8,10,5
139157,9,10,11,8
139203,6,8,13,8
139250,10,11,12,4
139296,11,11,12,6
139342,10,13,12,6
139389,11,11,12,5
139435,10,13,12,6
139482,11,11,11,7
139528,11,12,11,7
139575,10,9,12,10
139621,11,10,11,13
139668,11,11,11,13
139714,10,11,11,8
139760,11,13,11,6
139807,12,13,12,7
139853,10,12,11,5
139900,11,10,12,6
139946,11,12,12,4
139993,10,12,12,4
140039,10,12,11,6
140085,9,9,11,5
140132,10,12,11,5
140178,10,12,10,3
140225,10,13,11,3
140271,9,12,10,3
140318,7,9,9,5
140364,9,10,9,2
140411,9,10,10,4
140457,9,10,8,2
140503,9,11,9,2
140550,9,11,8,4
140596,7,9,8,5
140643,10,11,9,4
140689,9,12,9,6
140736,9,12,8,4
140782,8,12,8,5
140829,8,12,9,5
140875,8,11,9,5
140921,7,10,8,5
140968,7,10,8,7
141014,7,11,7,2
141061,7,11,6,7
141107,7,11,7,4
141154,6,9,8,6
141200,7,9,9,9
141246,7,11,9,13
141293,8,11,12,14
141339,9,12,8,8
141386,7,14,10,9
141432,5,14,10,9
141479,6,13,10,7
141525,7,13,10,8
141572,6,12,11,7
141618,7,10,11,8
141664,6,10,8,5
141711,7,10,5,6
141757,7,11,10,15
141804,6,12,8,7
141850,7,11,4,4
141897,7,10,4,3
141943,7,11,10,9
141990,9,14,11,9
142036,7,13,9,9
142082,6,12,6,8
142129,7,11,7,7
142175,8,11,7,7
142222,7,8,8,11
142268,16,9,6,11
142315,11,10,9,13
142361,8,8,10,8
142407,7,6,12,10
142454,4,12,8,7
142500,7,11,6,7
142547,4,12,7,7
142593,7,12,5,5
142640,8,10,6,5
142686,5,11,6,4
142733,6,12,6,3
142779,8,12,7,3
142825,2,10,4,2
142872,5,10,5,3
142918,0,11,5,3
142965,2,11,5,3
143011,5,10,5,7
143058,3,9,5,3
143104,0,10,5,4
143151,6,10,4,2
143197,2,8,4,4
143243,1,7,7,4
143290,1,8,6,4
143336,3,6,6,4
143383,12,11,11,9
143429,11,12,14,7
143476,10,12,13,8
143522,10,12,13,9
143568,11,12,14,9
143615,10,12,11,3
143661,10,12,11,4
143708,10,11,10,2
143754,10,11,11,4
143801,10,11,10,3
143847,10,10,10,3
143894,10,10,10,3
143940,10,9,10,5
143986,10,10,10,5
144033,10,10,10,4
144079,7,9,10,3
144126,10,11,10,2
144172,10,12,10,4
144219,10,12,9,6
144265,9,12,9,2
144312,9,12,9,4
144358,5,10,10,6
144404,9,13,10,3
144451,8,12,10,3
144497,8,12,10,5
144544,9,12,10,6
144590,9,12,9,7
144637,9,11,9,4
144683,9,12,9,5
144729,6,9,9,5
144776,9,11,9,6
144822,9,11,8,11
144869,12,13,9,12
144915,9,11,8,11
144962,11,12,8,7
145008,13,11,8,6
145055,12,12,8,6
145101,11,12,8,9
145147,9,12,8,13
145194,11,12,8,13
145240,11,12,7,9
145287,9,12,7,4
145333,11,13,9,7
145380,9,14,10,9
145426,8,14,9,9
145473,8,12,7,4
145519,9,14,7,6
145565,8,13,6,5
145612,9,14,6,5
145658,8,12,10,11
145705,9,13,8,8
145751,13,12,12,11
145798,8,11,8,7
145844,8,12,12,12
145890,11,11,7,6
145937,14,11,5,6
145983,13,9,5,4
146030,8,11,11,10
146076,7,10,5,8
146123,9,11,5,11
146169,7,11,6,11
146216,8,11,5,13
146262,12,11,6,13
146308,11,11,4,7
146355,15,12,8,7
146401,9,11,7,7
146448,11,11,6,4
146494,5,9,6,4
146541,9,11,6,5
146587,9,12,5,4
146634,10,12,6,7
146680,9,12,7,7
146726,12,13,9,7
146773,8,13,10,9
146819,9,13,10,10
146866,9,11,8,8
146912,8,11,6,6
146959,8,10,5,4
147005,8,10,6,4
147051,7,11,6,5
147098,6,10,5,8
147144,6,10,4,3
147191,7,10,5,3
147237,7,10,5,3
147284,3,7,5,3
147330,6,11,6,5
147377,8,11,7,10
147423,7,11,4,6
147469,7,10,4,5
147516,7,10,6,7
147562,10,9,6,11
147609,13,10,10,13
147655,8,10,10,14
147702,8,11,10,14
147748,7,10,12,9
147795,6,10,11,6
147841,13,12,12,10
147887,10,14,13,9
147934,11,13,13,8
147980,11,13,13,8
148027,10,13,12,7
148073,11,14,14,10
148120,11,13,11,6
148166,11,11,11,8
148212,11,14,13,11
148259,12,13,11,8
148305,11,12,11,7
148352,11,10,11,6
148398,10,12,10,5
148445,10,12,11,4
148491,10,12,11,4
148538,11,13,11,3
148584,11,11,11,4
148630,11,11,12,3
148677,10,11,12,8
148723,10,12,11,10
148770,10,10,11,6
148816,10,11,10,4
148863,9,11,10,1
148909,9,13,10,3
148955,10,12,9,2
149002,9,12,10,5
149048,9,11,10,1
149095,9,11,9,1
149141,9,9,9,1
149188,9,11,9,2
149234,9,11,8,2
149281,8,11,10,9
149327,8,11,7,3
149373,8,10,9,6
149420,8,11,7,2
149466,8,11,7,3
149513,8,12,8,6
149559,8,12,6,1
149606,8,11,9,8
149652,7,10,6,5
149699,7,10,6,1
149745,7,11,7,7
149791,7,11,6,2
149838,7,11,9,7
149884,8,10,8,4
149931,10,12,7,6
149977,9,11,7,7
150024,10,12,6,5
150070,9,10,6,4
150116,8,12,6,6
150163,7,9,6,7
150209,7,11,6,10
150256,13,11,6,11
150302,11,12,6,12
150349,7,10,9,13
150395,7,10,5,12
150442,7,9,6,9
150488,7,12,5,7
150534,9,13,4,7
150581,9,12,4,7
150627,8,11,5,7
150674,9,12,5,5
150720,8,12,4,7
150767,10,12,8,6
150813,8,12,5,4
150860,7,9,5,5
150906,9,10,5,6
150952,7,11,5,4
150999,9,8,6,4
151045,8,10,5,7
151092,7,9,6,7
151138,7,11,8,4
151185,8,9,7,3
151231,6,12,7,6
151277,7,12,6,3
151324,6,11,11,10
151370,8,11,9,10
151417,7,12,7,6
151463,5,13,11,9
151510,3,13,11,9
151556,0,13,8,6
151603,1,12,5,4
151649,0,13,4,3
151695,1,12,4,5
151742,4,12,6,4
151788,0,12,4,3
151835,0,12,6,6
151881,0,9,4,11
151928,0,9,5,14
151974,1,6,6,13
152021,4,7,7,7
152067,12,10,10,11
152113,11,14,13,9
152160,8,13,12,7
152206,10,12,11,3
152253,10,13,11,5
152299,11,12,11,2
152346,10,12,10,2
152392,10,12,10,2
152438,10,11,10,2
152485,10,11,10,12
152531,9,10,10,9
152578,10,11,10,5
152624,9,12,10,8
152671,9,12,10,5
152717,9,10,10,5
152764,8,13,11,4
152810,9,12,10,6
152856,9,12,9,9
152903,10,12,9,11
152949,10,12,9,12
152996,10,12,9,10
153042,8,12,10,7
153089,9,12,10,7
153135,11,12,9,7
153182,11,12,9,6
153228,12,12,8,5
153274,9,12,8,7
153321,11,11,8,5
153367,10,11,8,4
153414,8,11,9,5
153460,11,11,8,4
153507,9,11,8,4
153553,9,11,8,4
153599,10,11,8,7
153646,7,11,8,5
153692,9,12,8,4
153739,8,11,7,5
153785,9,11,7,7
153832,9,11,8,3
153878,8,11,7,3
153925,9,10,7,7
153971,9,11,6,3
154017,9,11,7,3
154064,9,11,6,3
154110,9,11,6,3
154157,9,10,6,4
154203,9,11,12,8
154250,9,10,6,3
154296,9,11,7,4
154343,9,14,11,5
154389,8,14,11,6
154435,8,12,11,4
154482,8,11,7,3
154528,9,11,6,3
154575,8,11,6,7
154621,8,10,6,3
154668,8,15,8,12
154714,8,12,5,7
154760,8,12,5,7
154807,8,12,4,7
154853,6,11,5,5
154900,8,10,5,2
154946,8,11,8,11
154993,6,10,11,7
155039,8,11,10,7
155086,8,11,8,5
155132,9,13,7,6
155178,8,12,7,5
155225,8,11,7,5
155271,8,11,8,5
155318,8,10,7,12
155364,7,10,6,13
155411,7,10,6,14
155457,7,9,6,15
155504,8,10,8,12
155550,8,10,4,6
155596,6,10,11,15
155643,8,13,11,10
155689,7,12,10,8
155736,7,12,8,8
155782,6,12,8,9
155829,7,12,7,7
155875,7,12,6,7
155921,7,10,4,6
155968,2,11,7,6
156014,7,11,5,7
156061,7,11,5,11
156107,7,11,5,15
156154,7,11,10,13
156200,7,10,5,5
156247,6,10,8,4
156293,7,11,13,11
156339,8,12,11,6
156386,8,12,11,6
156432,9,12,12,5
156479,9,12,11,8
156525,10,12,12,6
156572,11,11,13,7
156618,11,11,12,6
156665,11,12,12,7
156711,10,11,12,4
156757,11,12,12,3
156804,10,12,11,8
156850,11,12,11,5
156897,10,12,11,8
156943,11,9,12,9
156990,10,11,11,8
157036,11,10,11,6
157082,8,11,11,7
157129,11,11,11,5
157175,11,13,11,5
157222,10,12,12,6
157268,11,13,12,4
157315,11,12,13,7
157361,10,12,12,6
157408,11,12,11,6
157454,8,11,11,6
157500,11,11,10,5
157547,8,10,10,5
157593,10,12,10,4
157640,10,12,9,2
157686,10,12,9,3
157733,9,11,9,3
157779,9,11,9,2
157826,9,9,9,3
157872,9,10,9,4
157918,9,11,9,8
157965,9,12,9,6
158011,8,12,8,3
158058,6,9,9,6
158104,9,10,8,5
158151,8,11,9,5
158197,8,11,10,7
158243,8,12,8,4
158290,8,12,7,10
158336,10,11,9,13
158383,8,9,7,13
158429,8,10,7,12
158476,7,11,7,5
158522,7,12,9,5
158569,7,11,8,9
158615,8,12,10,8
158661,9,12,10,8
158708,9,12,9,5
158754,9,11,8,5
158801,10,13,8,4
158847,9,11,8,5
158894,8,12,8,4
158940,8,10,10,6
158987,8,12,10,7
159033,7,11,7,5
159079,5,9,7,7
159126,8,10,6,8
159172,8,11,6,9
159219,7,10,5,10
159265,6,12,6,10
159312,7,10,5,9
159358,7,11,4,6
159404,7,10,5,8
159451,8,12,6,13
159497,9,11,7,15
159544,8,9,7,13
159590,9,10,8,8
159637,8,14,11,9
159683,7,12,12,9
159730,8,13,13,9
159776,8,12,13,12
159822,6,12,9,10
159869,6,9,8,9
159915,13,16,9,11
159962,12,9,7,12
160008,8,11,6,11
160055,5,11,6,6
160101,6,11,5,2
160148,5,11,10,13
160194,5,13,6,8
160240,4,13,10,9
160287,13,14,7,7
160333,6,12,7,4
160380,0,13,7,4
160426,5,10,6,3
160473,8,10,4,2
160519,1,10,10,10
160565,5,12,7,6
160612,4,12,8,6
160658,7,13,10,9
160705,7,12,12,8
160751,10,13,13,9
160798,9,12,12,6
160844,9,13,14,13
160891,9,13,12,7
160937,9,11,11,5
160983,10,13,11,3
161030,10,12,10,3
161076,10,11,10,3
161123,10,11,10,2
161169,10,11,10,3
161216,11,11,11,6
161262,10,10,10,2
161309,10,9,10,7
161355,10,10,10,3
161401,10,11,10,5
161448,10,11,10,2
161494,10,12,10,2
161541,10,12,9,3
161587,10,13,9,3
161634,9,12,9,2
161680,9,12,9,3
161726,9,12,10,4
161773,10,13,11,4
161819,9,12,10,4
161866,9,12,10,4
161912,9,12,10,4
161959,9,11,10,8
162005,9,11,10,4
162052,9,11,9,6
162098,9,11,9,4
162144,9,12,8,3
162191,9,11,8,5
162237,9,12,8,3
162284,9,12,8,7
162330,9,11,10,4
162377,9,11,8,3
162423,9,11,8,4
162470,9,11,8,6
162516,9,12,7,3
162562,9,12,7,3
162609,9,11,6,7
162655,9,11,6,6
162702,9,11,8,6
162748,8,11,9,8
162795,8,14,10,7
162841,8,14,6,4
162887,8,13,6,4
162934,8,14,6,3
162980,8,12,9,5
163027,8,13,6,4
163073,8,10,7,10
163120,8,14,11,10
163166,8,13,12,11
163213,8,12,8,6
163259,9,12,9,9
163305,10,13,11,8
163352,8,12,8,8
163398,8,10,7,5
163445,7,11,7,5
163491,7,12,5,3
163538,8,11,5,4
163584,10,13,6,7
163631,10,13,5,7
163677,10,14,7,7
163723,11,14,7,9
163770,9,12,6,7
163816,10,13,6,7
163863,9,13,10,6
163909,7,13,8,10
163956,8,13,6,12
164002,8,11,6,14
164048,7,10,6,15
164095,16,14,6,14
164141,12,8,4,12
164188,7,11,8,11
164234,8,12,8,7
164281,12,10,13,6
164327,10,12,5,5
164374,8,11,5,4
164420,6,12,7,4
164466,6,11,12,7
164513,8,11,8,4
164559,7,10,6,5
164606,8,12,5,4
164652,9,12,6,5
164699,7,12,5,4
164745,8,12,6,3
164792,9,12,9,4
164838,8,11,6,7
164884,5,10,6,5
164931,6,11,9,8
164977,8,11,10,11
165024,8,11,11,10
165070,7,10,10,9
165117,7,10,12,11
165163,9,10,12,11
165209,12,11,12,7
165256,12,12,13,5
165302,10,11,13,5
165349,11,13,12,7
165395,10,12,12,3
165442,9,10,11,4
165488,10,11,11,7
165535,10,12,11,3
165581,10,10,11,3
165627,11,10,11,4
165674,12,12,12,4
165720,11,10,12,4
165767,11,12,11,4
165813,12,10,11,3
165860,12,11,11,3
165906,11,11,14,3
165953,10,12,12,3
165999,10,12,12,4
166045,10,12,11,5
166092,10,11,11,5
166138,9,12,12,7
166185,10,12,10,6
166231,9,12,11,7
166278,10,11,10,5
166324,9,11,10,5
166370,10,11,9,4
166417,9,11,12,4
166463,9,12,9,3
166510,9,11,11,6
166556,9,13,10,4
166603,8,13,11,7
166649,9,14,13,9
166696,7,12,11,8
166742,7,14,10,7
166788,10,12,9,7
166835,10,12,8,9
166881,9,11,8,8
166928,8,13,7,7
166974,9,14,7,6
167021,10,13,6,5
167067,10,11,8,4
167114,8,10,7,10
167160,13,11,7,11
167206,13,11,7,12
167253,10,11,7,12
167299,11,11,8,12
167346,7,9,10,10
167392,8,13,7,8
167439,10,13,7,8
167485,11,13,5,2
167531,10,13,6,2
167578,8,12,5,2
167624,7,10,8,4
167671,8,12,6,5
167717,9,11,8,13
167764,10,12,8,10
167810,13,12,8,8
167857,9,13,4,5
167903,7,10,4,2
167949,7,11,4,4
167996,7,9,3,2
168042,7,11,4,11
168089,7,8,7,14
168135,7,11,7,8
168182,8,8,6,9
168228,10,10,6,6
168274,8,8,5,4
168321,8,8,8,15
168367,6,10,6,12
168414,8,10,6,10
168460,8,10,5,8
168507,7,13,5,7
168553,9,13,6,7
168600,8,11,6,6
168646,8,13,6,5
168692,8,12,5,6
168739,8,12,6,6
168785,8,12,5,5
168832,7,11,6,5
168878,2,11,5,5
168925,0,10,6,5
168971,2,12,4,4
169018,1,12,5,4
169064,1,11,4,4
169110,3,10,5,4
169157,6,11,8,3
169203,4,10,6,3
169250,0,9,5,2
169296,1,7,5,3
169343,2,7,4,3
169389,10,12,4,3
169435,11,11,12,4
169482,11,12,12,3
169528,10,12,12,5
169575,10,12,11,3
169621,10,12,11,4
169668,10,12,11,3
169714,10,12,10,2
169761,10,14,15,4
169807,10,11,11,2
169853,10,11,10,2
169900,10,10,10,3
169946,10,10,10,2
169993,10,9,10,4
170039,10,10,10,3
170086,10,10,10,4
170132,10,11,10,3
170179,10,12,10,3
170225,10,12,9,6
170271,10,12,9,3
170318,10,12,10,3
170364,10,14,16,3
170411,10,11,9,3
170457,9,12,10,3
170504,8,11,9,3
170550,9,12,9,3
170596,9,11,8,3
170643,9,12,9,4
170689,9,11,8,2
170736,9,12,9,6
170782,9,11,8,2
170829,9,11,9,4
170875,6,9,9,5
170922,9,12,9,3
170968,9,11,10,7
171014,9,14,11,6
171061,9,13,12,6
171107,8,13,9,7
171154,6,10,8,8
171200,8,11,8,10
171247,9,10,10,9
171293,8,11,8,7
171340,9,14,10,7
171386,10,13,11,10
171432,10,14,11,10
171479,11,14,10,9
171525,10,12,9,9
171572,10,13,6,8
171618,10,12,7,7
171665,10,11,6,5
171711,9,11,7,6
171757,10,11,6,5
171804,10,11,5,4
171850,10,11,5,6
171897,8,12,10,12
171943,10,11,7,9
171990,7,12,6,5
172036,8,10,5,3
172083,8,11,5,3
172129,6,9,6,3
172175,8,11,9,9
172222,8,11,5,5
172268,8,11,5,4
172315,7,11,5,4
172361,14,12,7,5
172408,12,11,7,4
172454,8,10,6,4
172501,7,11,5,5
172547,9,13,15,3
172593,8,10,5,3
172640,7,10,6,3
172686,7,11,5,2
172733,8,11,4,3
172779,8,11,4,6
172826,9,11,4,2
172872,8,11,5,7
172918,9,10,4,3
172965,8,9,4,5
173011,7,9,5,3
173058,7,9,5,3
173104,7,11,6,3
173151,7,11,4,4
173197,7,11,5,3
173244,8,11,4,4
173290,6,10,4,2
173336,8,11,7,4
173383,7,11,4,3
173429,7,11,5,3
173476,7,11,4,3
173522,7,11,5,7
173569,6,11,6,3
173615,7,11,9,5
173662,7,11,10,2
173708,8,10,9,2
173754,7,10,11,10
173801,7,10,12,2
173847,9,10,11,8
173894,9,11,12,5
173940,11,12,12,4
173987,11,11,13,6
174033,10,13,12,5
174079,11,11,13,5
174126,10,12,12,6
174172,11,11,11,6
174219,11,10,12,6
174265,10,9,11,3
174312,11,9,11,1
174358,11,11,11,4
174405,11,10,11,1
174451,11,12,11,3
174497,11,10,11,2
174544,11,11,11,3
174590,10,10,12,3
174637,10,12,12,2
174683,10,11,12,2
174730,10,12,11,1
174776,10,10,11,1
174823,10,13,11,6
174869,10,12,10,1
174915,10,13,11,4
174962,10,12,10,1
175008,9,10,9,2
175055,9,10,9,1
175101,9,11,10,5
175148,9,11,8,2
175194,9,11,8,3
175240,9,11,8,2
175287,8,10,9,7
175333,8,11,7,3
175380,8,12,8,6
175426,8,12,9,5
175473,7,12,9,5
175519,8,11,10,8
175566,8,10,9,5
175612,7,10,8,6
175658,8,10,7,4
175705,7,12,6,2
175751,8,11,7,8
175798,7,11,7,5
175844,5,6,8,6
175891,7,10,8,3
175937,8,12,7,1
175984,8,12,7,3
176030,8,11,6,5
176076,7,11,6,1
176123,6,8,6,6
176169,8,10,7,3
176216,8,11,8,4
176262,7,12,12,9
176309,6,9,10,8
176355,7,11,9,7
176401,7,11,7,8
176448,8,12,8,10
176494,8,12,10,11
176541,7,12,8,10
176587,8,12,7,7
176634,9,14,7,7
176680,9,12,8,6
176727,9,14,8,7
176773,8,11,8,5
176819,9,12,7,7
176866,8,9,7,5
176912,7,10,7,8
176959,7,8,7,3
177005,7,10,10,6
177052,7,10,12,10
177098,7,9,13,13
177145,6,10,9,8
177191,9,12,6,4
177237,6,7,8,3
177284,7,9,6,1
177330,6,10,8,6
177377,8,12,10,7
177423,8,11,10,7
177470,9,11,8,6
177516,8,10,6,5
177562,8,9,7,5
177609,7,11,6,4
177655,4,11,6,4
177702,1,10,7,9
177748,15,9,5,9
177795,10,9,5,10
177841,9,9,4,2
177888,4,8,5,2
177934,3,8,6,7
177980,6,10,7,6
178027,8,10,6,5
178073,12,12,9,8
178120,13,12,13,7
178166,11,12,13,8
178213,11,12,13,9
178259,11,13,15,10
178306,10,12,11,3
178352,10,12,11,5
178398,10,12,10,2
178445,10,11,11,4
178491,10,11,10,1
178538,10,11,10,1
178584,10,10,10,6
178631,10,10,10,2
178677,10,10,10,3
178723,10,10,10,4
178770,9,10,10,2
178816,10,12,10,2
178863,10,12,10,4
178909,10,12,9,7
178956,10,13,9,1
179002,9,12,9,3
179049,8,11,9,3
179095,9,13,10,2
179141,8,12,10,2
179188,6,10,10,4
179234,9,11,10,5
179281,9,11,9,6
179327,9,11,9,4
179374,9,11,9,4
179420,8,11,9,3
179467,9,11,10,5
179513,9,11,8,4
179559,9,11,10,6
179606,8,10,8,6
179652,9,11,9,5
179699,9,11,8,5
179745,9,12,9,2
179792,9,11,7,6
179838,8,11,8,5
179884,9,11,7,1
179931,9,11,7,7
179977,9,10,6,2
180024,9,11,9,3
180070,9,11,7,2
180117,7,10,6,1
180163,9,11,6,0
180210,9,9,10,4
180256,9,11,9,4
180302,9,10,8,5
180349,9,11,8,4
180395,9,10,8,6
180442,8,11,12,9
180488,8,11,10,6
180535,9,12,13,12
180581,9,11,7,4
180628,8,12,6,6
180674,8,11,7,3
180720,8,11,8,6
180767,8,11,5,1
180813,7,11,5,1
180860,8,11,6,1
180906,8,11,4,1
180953,8,11,5,1
180999,8,11,4,3
181045,8,11,8,4
181092,7,12,8,6
181138,7,12,6,2
181185,7,11,5,4
181231,7,12,5,2
181278,8,11,5,2
181324,7,12,7,7
181371,8,11,6,11
181417,10,11,7,12
181463,7,10,4,6
181510,8,10,5,2
181556,8,9,5,5
181603,7,12,6,5
181649,8,11,6,6
181696,9,12,8,8
181742,8,12,7,7
181789,9,11,5,5
181835,8,12,4,2
181881,9,12,3,2
181928,8,12,4,2
181974,9,10,3,1
182021,7,11,8,8
182067,8,12,5,5
182114,15,13,4,5
182160,10,11,3,4
182206,9,11,5,6
182253,10,10,6,3
182299,8,11,10,6
182346,7,10,10,0
182392,13,9,11,3
182439,9,11,12,4
182485,11,11,13,7
182532,10,13,12,8
182578,10,11,12,6
182624,11,13,13,5
182671,11,12,11,5
182717,10,12,12,5
182764,11,10,11,2
182810,10,9,12,1
182857,11,11,11,5
182903,11,11,11,4
182950,11,12,11,1
182996,11,11,11,1
183042,10,11,11,2
183089,11,9,12,1
183135,10,12,12,2
183182,10,11,12,1
183228,10,12,11,1
183275,10,9,11,4
183321,10,12,11,6
183367,10,11,10,3
183414,11,13,11,6
183460,11,13,11,7
183507,10,10,10,7
183553,10,10,9,4
183600,9,11,9,3
183646,9,10,9,1
183693,9,11,9,2
183739,9,11,9,1
183785,8,10,8,3
183832,9,11,7,1
183878,8,12,7,1
183925,9,12,7,3
183971,7,12,7,3
184018,7,12,6,4
184064,7,10,7,5
184111,8,10,7,2
184157,7,10,9,11
184203,8,11,8,5
184250,7,11,6,3
184296,7,11,6,4
184343,5,8,8,7
184389,7,9,8,6
184436,9,12,8,10
184482,9,11,8,11
184528,7,12,7,12
184575,8,11,7,12
184621,5,8,6,11
184668,8,9,6,3
184714,7,11,5,3
184761,5,11,6,5
184807,10,11,10,7
184854,11,11,9,5
184900,10,12,8,4
184946,9,11,9,4
184993,10,12,9,5
185039,10,12,6,3
185086,8,10,5,7
185132,9,11,6,2
185179,11,12,7,6
185225,10,12,8,6
185272,9,9,8,6
185318,8,10,7,7
185364,8,9,7,5
185411,9,11,6,7
185457,8,10,5,5
185504,9,9,5,4
185550,7,10,5,4
185597,7,8,6,6
185643,7,10,4,1
185689,7,10,6,1
185736,6,7,7,8
185782,7,10,6,4
185829,6,10,7,8
185875,6,11,6,8
185922,7,10,6,6
185968,6,11,5,3
186015,9,10,4,4
186061,13,9,4,0
186107,6,10,4,1
186154,6,10,4,1
186200,9,9,3,0
186247,5,9,3,1
186293,8,10,5,1
186340,5,9,4,1
186386,5,8,4,7
186433,4,7,4,3
186479,0,8,3,2
186525,0,6,4,0
186572,12,11,7,4
186618,11,12,12,2
186665,10,12,12,2
186711,10,12,11,1
186758,10,12,11,4
186804,10,12,11,1
186850,10,12,11,5
186897,10,11,10,3
186943,10,11,11,5
186990,10,11,10,1
187036,10,11,10,4
187083,10,10,10,1
187129,10,10,10,3
187176,10,10,10,2
187222,10,10,10,2
187268,8,9,10,2
187315,10,11,10,5
187361,10,12,10,5
187408,10,12,10,3
187454,10,13,9,2
187501,9,12,9,1
187547,7,10,9,6
187594,9,13,10,5
187640,9,12,10,2
187686,7,11,10,5
187733,9,11,9,0
187779,9,12,9,1
187826,9,10,9,1
187872,9,11,8,2
187919,7,10,8,4
187965,9,11,8,0
188011,9,11,8,3
188058,10,12,9,3
188104,9,11,8,6
188151,9,12,8,3
188197,9,11,8,5
188244,9,12,8,3
188290,9,10,7,6
188337,8,12,9,4
188383,9,11,7,1
188429,9,12,7,9
188476,9,11,6,1
188522,9,11,9,3
188569,9,12,7,2
188615,8,11,7,1
188662,8,11,6,0
188708,8,10,6,2
188755,9,11,6,2
188801,9,11,6,4
188847,9,11,6,1
188894,9,11,6,4
188940,8,12,6,4
188987,9,11,6,2
189033,9,11,6,3
189080,9,11,5,3
189126,9,11,5,4
189172,7,10,7,6
189219,9,11,6,7
189265,9,11,6,4
189312,9,14,8,8
189358,9,13,9,6
189405,9,14,8,5
189451,9,13,5,4
189498,8,12,3,1
189544,9,12,6,4
189590,8,12,6,5
189637,8,12,5,2
189683,7,11,6,3
189730,9,12,5,3
189776,10,12,5,1
189823,9,12,5,6
189869,7,12,5,9
189915,7,11,6,11
189962,7,10,5,12
190008,7,10,5,3
190055,7,9,5,4
190101,8,9,5,8
190148,10,11,5,6
190194,10,12,6,6
190241,8,11,5,3
190287,10,11,5,7
190333,8,11,4,1
190380,8,11,6,2
190426,10,10,4,1
190473,5,8,4,1
190519,8,10,6,2
190566,8,11,5,2
190612,6,11,6,10
190659,7,11,6,10
190705,8,11,5,5
190751,8,11,5,5
190798,8,12,10,6
190844,9,11,10,3
190891,9,11,9,5
190937,8,10,11,4
190984,7,11,11,3
191030,10,10,11,7
191076,9,10,12,4
191123,11,11,12,5
191169,11,11,13,8
191216,10,12,12,5
191262,11,12,12,5
191309,11,13,11,2
191355,11,10,11,4
191402,10,12,11,3
191448,11,9,11,1
191494,11,10,11,1
191541,11,11,11,1
191587,10,11,11,1
191634,11,12,11,2
191680,11,12,11,2
191727,11,12,11,1
191773,11,10,12,4
191820,10,11,12,2
191866,11,11,12,3
191912,11,12,11,6
191959,10,9,11,2
192005,10,11,11,4
192052,9,11,10,1
192098,9,13,10,3
192145,10,12,10,2
192191,8,11,9,5
192237,9,11,9,1
192284,9,10,9,2
192330,9,9,9,1
192377,9,11,9,2
192423,9,11,9,3
192470,6,9,8,7
192516,8,11,8,1
192563,7,10,8,4
192609,5,11,7,1
192655,8,12,9,4
192702,7,12,7,3
192748,8,12,8,2
192795,8,11,8,4
192841,8,9,8,7
192888,7,10,9,4
192934,9,10,8,7
192981,9,13,10,5
193027,9,12,10,6
193073,7,12,10,3
193120,7,10,7,2
193166,7,10,9,2
193213,10,12,7,4
193259,7,11,6,2
193306,8,11,6,4
193352,9,14,11,9
193398,10,12,5,6
193445,8,11,5,5
193491,9,13,6,6
193538,8,11,7,5
193584,7,10,7,8
193631,8,10,10,5
193677,7,12,13,9
193724,8,12,9,8
193770,8,11,9,5
193816,6,10,7,5
193863,6,11,7,2
193909,8,11,6,7
193956,9,11,8,6
194002,10,11,6,3
194049,9,8,6,4
194095,8,8,6,5
194142,7,10,8,5
194188,7,8,8,10
194234,8,9,7,11
194281,7,9,7,12
194327,7,11,8,13
194374,8,10,11,14
194420,7,10,13,11
194467,9,12,11,8
194513,8,9,9,9
194559,9,13,9,7
194606,8,12,10,6
194652,7,12,9,6
194699,8,12,8,5
194745,6,12,7,5
194792,7,12,7,5
194838,7,12,7,5
194885,6,11,6,7
194931,6,9,6,5
194977,6,10,5,5
195024,5,10,4,4
195070,4,9,4,4
195117,4,9,4,2
195163,2,7,3,4
195210,2,6,4,3
195256,12,11,9,5
195303,11,12,13,5
195349,9,10,12,5
195395,11,12,11,3
195442,10,12,14,10
195488,10,12,12,4
195535,10,12,13,10
195581,9,11,13,8
195628,10,11,11,4
195674,10,11,10,3
195720,10,10,10,4
195767,10,10,10,1
195813,10,9,10,6
195860,9,11,13,4
195906,10,10,10,4
195953,8,11,11,2
195999,10,12,10,2
196046,10,12,9,2
196092,10,12,9,4
196138,10,12,9,1
196185,9,12,9,4
196231,6,11,10,6
196278,9,12,10,2
196324,9,12,9,1
196371,9,12,9,2
196417,9,12,9,2
196464,9,12,9,7
196510,9,12,9,1
196556,9,11,9,4
196603,6,10,10,6
196649,9,10,9,4
196696,9,11,10,4
196742,9,11,9,4
196789,9,11,8,7
196835,9,11,8,4
196881,9,12,8,4
196928,9,11,7,5
196974,9,11,7,7
197021,9,11,7,1
197067,9,12,7,1
197114,9,11,7,8
197160,9,12,7,1
197207,9,11,7,2
197253,8,11,6,1
197299,9,11,7,2
197346,9,10,6,1
197392,9,11,7,4
197439,9,10,6,2
197485,9,11,6,3
197532,9,11,6,0
197578,9,12,6,1
197625,9,12,6,3
197671,9,12,7,3
197717,9,11,7,3
197764,9,11,7,7
197810,9,10,13,11
197857,8,10,10,8
197903,7,10,8,7
197950,8,11,7,5
197996,8,12,5,2
198042,8,12,5,2
198089,8,11,8,5
198135,8,11,4,5
198182,7,10,5,1
198228,9,10,9,5
198275,8,11,8,5
198321,8,11,6,5
198368,6,8,7,4
198414,8,11,5,6
198460,7,11,5,2
198507,8,11,5,5
198553,8,11,5,0
198600,8,11,4,0
198646,7,10,4,2
198693,7,10,5,2
198739,7,10,4,3
198786,7,10,5,4
198832,7,10,5,2
198878,7,10,5,2
198925,12,10,9,4
198971,9,10,6,7
199018,6,11,5,2
199064,8,10,4,3
199111,7,10,4,0
199157,4,8,7,2
199203,7,11,5,2
199250,7,11,5,2
199296,7,11,5,5
199343,7,11,5,7
199389,7,10,4,10
199436,4,9,7,12
199482,7,11,10,12
199529,8,11,10,8
199575,8,12,10,6
199621,8,13,12,6
199668,10,13,11,7
199714,10,11,11,4
199761,10,11,12,8
199807,10,12,13,8
199854,10,12,12,8
199900,10,11,12,7
199947,11,12,12,7
199993,12,12,11,10
200039,11,10,11,10
200086,8,12,11,9
200132,10,9,11,9
200179,11,11,11,1
200225,11,10,11,0
200272,7,10,11,11
200318,10,11,12,5
200364,11,14,11,6
200411,11,12,10,5
200457,11,13,11,5
200504,11,12,12,4
200550,10,12,11,2
200597,10,13,11,3
200643,8,9,11,3
200690,10,11,10,3
200736,7,9,10,6
200782,9,12,10,3
200829,10,13,10,3
200875,11,12,10,6
200922,11,12,10,5
200968,11,12,10,5
201015,14,13,15,5
201061,11,11,9,4
201108,9,11,8,3
201154,10,12,8,6
201200,10,11,7,2
201247,8,9,7,5
201293,8,10,7,3
201340,7,11,7,2
201386,8,11,6,4
201433,9,12,7,1
201479,8,12,6,0
201525,8,10,6,2
201572,8,9,6,0
201618,8,11,6,5
201665,13,11,9,3
201711,8,12,8,4
201758,6,10,8,1
201804,6,9,7,4
201851,7,8,7,6
201897,8,11,6,2
201943,8,10,6,2
201990,8,12,6,1
202036,8,9,6,1
202083,8,11,6,1
202129,7,9,5,2
202176,8,13,6,2
202222,8,11,5,2
202269,6,10,6,5
202315,7,9,5,2
202361,7,11,5,6
202408,7,11,4,1
202454,7,12,4,4
202501,7,10,4,4
202547,7,11,4,2
202594,7,11,4,7
202640,8,12,6,3
202686,7,11,6,2
202733,4,6,5,6
202779,7,10,5,6
202826,7,10,6,2
202872,8,9,6,2
202919,7,10,5,6
202965,7,9,5,5
203012,7,11,5,2
203058,7,9,7,1
203104,7,13,7,4
203151,7,11,6,1
203197,8,12,6,5
203244,6,12,6,3
203290,7,13,5,2
203337,6,12,5,5
203383,3,12,4,2
203430,1,12,5,2
203476,0,11,5,6
203522,0,11,7,5
203569,7,14,10,8
203615,9,12,7,4
203662,8,12,5,2
203708,7,12,4,1
203755,7,12,3,1
203801,7,12,3,1
203847,7,11,3,2
203894,7,10,4,2
203940,11,11,11,10
203987,11,12,12,6
204033,10,12,12,6
204080,10,12,11,4
204126,11,12,11,4
204173,10,11,11,5
204219,11,12,11,5
204265,9,12,10,5
204312,10,11,10,5
204358,10,11,10,4
204405,10,11,10,6
204451,10,10,10,1
204498,10,9,10,7
204544,10,10,10,2
204591,10,11,10,5
204637,9,12,10,1
204683,10,13,10,1
204730,12,13,10,3
204776,10,12,9,7
204823,12,12,9,5
204869,8,13,9,5
204916,11,13,10,5
204962,11,11,9,4
205008,8,12,9,3
205055,11,12,9,3
205101,10,11,9,3
205148,9,11,9,8
205194,9,11,8,10
205241,15,13,8,12
205287,12,10,8,12
205334,8,11,7,11
205380,8,11,7,6
205426,9,11,7,4
205473,9,11,7,7
205519,11,12,8,4
205566,9,12,7,3
205612,7,10,7,4
205659,10,11,7,6
205705,10,11,7,2
205752,9,11,7,3
205798,9,11,6,7
205844,10,11,6,5
205891,10,11,7,3
205937,9,11,6,2
205984,9,11,6,4
206030,9,11,7,2
206077,9,11,6,4
206123,9,11,6,2
206169,9,11,5,2
206216,9,11,7,2
206262,9,11,6,1
206309,9,11,6,2
206355,9,11,5,1
206402,9,10,6,1
206448,9,11,5,7
206495,9,11,5,2
206541,8,11,5,2
206587,8,11,5,0
206634,8,12,5,3
206680,9,12,5,1
206727,8,11,5,2
206773,8,11,4,1
206820,8,11,5,4
206866,5,8,7,2
206913,8,11,7,5
206959,8,12,7,3
207005,8,12,6,6
207052,8,12,6,4
207098,7,12,5,4
207145,8,12,6,3
207191,8,11,6,4
207238,8,10,5,3
207284,8,10,5,3
207330,7,10,6,2
207377,7,10,5,6
207423,7,10,5,5
207470,7,10,4,3
207516,8,10,4,2
207563,7,10,6,1
207609,7,10,5,3
207656,7,10,5,5
207702,7,10,4,2
207748,7,10,4,4
207795,7,10,5,1
207841,4,10,8,3
207888,7,11,5,2
207934,7,11,4,2
207981,7,11,4,4
208027,7,11,5,7
208074,7,11,4,1
208120,7,11,9,3
208166,7,11,10,3
208213,7,11,9,1
208259,7,10,10,4
208306,5,11,12,3
208352,8,11,11,8
208399,10,14,12,6
208445,11,14,12,7
208491,10,13,12,5
208538,10,12,12,7
208584,10,12,12,4
208631,10,11,12,3
208677,11,12,11,8
208724,11,12,11,5
208770,10,11,11,5
208817,10,10,11,4
208863,11,11,11,4
208909,11,10,11,3
208956,10,12,11,3
209002,11,10,11,3
209049,11,12,11,7
209095,13,11,11,8
209142,12,12,12,9
209188,9,11,11,10
209235,9,11,11,10
209281,9,11,11,8
209327,9,12,11,6
209374,10,12,10,4
209420,9,12,11,6
209467,12,12,10,5
209513,12,11,9,2
209560,10,12,9,1
209606,10,11,9,1
209652,9,12,9,0
209699,9,10,9,4
209745,9,10,9,1
209792,9,11,9,12
209838,9,12,8,8
209885,10,14,8,8
209931,8,12,9,7
209978,7,11,6,5
210024,10,11,6,1
210070,8,9,6,4
210117,7,12,6,0
210163,8,11,6,0
210210,7,11,6,8
210256,8,10,6,12
210303,7,9,7,10
210349,7,11,7,7
210395,6,12,8,8
210442,6,11,7,2
210488,9,11,8,6
210535,7,8,8,9
210581,7,10,7,12
210628,7,10,6,10
210674,8,12,6,7
210721,9,11,5,6
210767,9,12,5,5
210813,11,10,6,5
210860,10,12,5,6
210906,9,11,5,6
210953,10,12,6,6
210999,8,10,6,4
211046,10,11,5,5
211092,8,9,5,4
211139,9,12,4,5
211185,7,10,5,3
211231,7,11,4,6
211278,7,8,3,4
211324,7,12,6,5
211371,7,10,5,2
211417,6,9,6,6
211464,8,10,7,5
211510,7,8,7,2
211556,7,10,6,7
211603,7,10,5,3
211649,7,9,5,2
211696,7,10,6,2
211742,7,10,7,1
211789,7,11,6,1
211835,7,11,6,1
211882,8,12,5,3
211928,6,11,6,5
211974,7,12,5,1
212021,7,11,5,4
212067,2,12,4,3
212114,0,10,5,2
212160,0,12,6,5
212207,0,12,4,2
212253,0,11,3,4
212300,5,10,6,3
212346,0,11,5,1
212392,0,11,5,1
212439,0,9,3,1
212485,0,7,3,1
212532,0,7,4,1
212578,9,12,4,1
212625,11,11,12,4
212671,11,12,12,2
212717,10,13,12,5
212764,10,12,11,1
212810,10,12,11,4
212857,10,12,11,1
212903,10,12,10,2
212950,10,12,11,4
212996,10,11,10,1
213043,10,11,10,1
213089,10,10,10,3
213135,10,10,10,0
213182,10,10,10,5
213228,10,10,10,2
213275,10,11,10,4
213321,10,11,10,1
213368,10,12,10,1
213414,10,12,9,4
213461,10,12,9,2
213507,9,12,9,1
213553,9,12,9,1
213600,9,12,10,2
213646,9,13,9,2
213693,8,12,9,1
213739,9,12,9,1
213786,9,12,8,1
213832,9,12,9,5
213878,9,11,8,1
213925,9,12,9,6
213971,10,12,9,4
214018,11,12,10,4
214064,10,11,9,5
214111,9,12,8,2
214157,9,11,8,8
214204,8,11,9,7
214250,8,11,8,6
214296,8,11,7,7
214343,7,9,7,5
214389,10,11,8,3
214436,9,11,9,7
214482,10,11,9,7
214529,8,10,9,6
214575,10,11,8,5
214622,6,10,6,5
214668,9,11,5,5
214714,9,11,5,3
214761,8,10,5,3
214807,8,10,5,2
214854,8,10,5,0
214900,8,11,6,4
214947,7,10,5,1
214993,8,10,4,1
215039,8,10,5,4
215086,8,11,5,8
215132,8,10,5,6
215179,8,10,5,2
215225,8,10,5,1
215272,7,10,4,0
215318,6,9,4,1
215365,7,10,4,0
215411,7,10,3,2
215457,7,10,3,0
215504,7,10,3,0
215550,5,10,6,3
215597,6,10,5,3
215643,7,10,5,1
215690,8,11,4,4
215736,7,10,4,0
215783,6,11,6,1
215829,7,10,4,1
215875,7,10,4,0
215922,7,10,3,2
215968,6,10,3,5
216015,6,10,3,0
216061,6,9,3,6
216108,6,9,3,1
216154,6,8,3,3
216200,5,8,3,0
216247,6,8,4,0
216293,6,9,4,1
216340,5,9,3,2
216386,6,9,3,0
216433,6,9,3,2
216479,5,9,4,0
216526,6,9,5,2
216572,6,9,3,1
216618,5,9,3,0
216665,5,9,2,0
216711,5,9,2,5
216758,5,9,1,0
216804,5,9,7,2
216851,5,9,8,0
216897,6,9,7,0
216944,5,8,7,2
216990,5,8,10,0
217036,7,9,9,6
217083,7,9,10,3
217129,9,10,11,2
217176,9,9,11,2
217222,9,11,10,4
217269,9,10,10,0
217315,6,9,10,4
217361,9,9,9,4
217408,9,9,9,1
217454,8,7,9,0
217501,9,7,9,0
217547,9,9,9,1
217594,9,8,9,0
217640,9,10,9,1
217687,8,7,9,0
217733,9,9,9,0
217779,8,8,9,0
217826,8,10,10,0
217872,8,9,9,0
217919,8,9,9,0
217965,8,8,9,0
218012,8,10,9,4
218058,7,10,8,0
218105,7,10,8,2
218151,7,10,7,0
218197,7,8,7,0
218244,7,8,6,0
218290,7,9,6,0
218337,6,9,6,0
218383,6,8,6,1
218430,6,8,6,0
218476,6,8,5,2
218522,6,9,5,0
218569,5,9,5,3
218615,6,10,5,0
218662,5,9,4,2
218708,5,8,4,0
218755,5,7,4,1
218801,5,8,4,0
218848,5,8,4,0
218894,5,9,4,0
218940,5,8,4,2
218987,5,8,3,2
219033,2,4,4,1
219080,5,8,4,0
219126,5,9,4,0
219173,6,9,4,1
219219,4,8,3,3
219266,4,8,3,0
219312,3,6,2,1
219358,5,7,2,0
219405,4,8,2,0
219451,4,8,2,0
219498,3,6,2,0
219544,4,8,1,0
219591,4,8,3,3
219637,5,9,2,0
219683,4,8,4,0
219730,4,8,1,0
219776,4,5,0,0
219823,3,8,1,0
219869,4,7,0,0
219916,3,8,0,3
219962,3,4,0,0
220009,4,6,3,1
220055,4,5,2,0
220101,3,6,1,3
220148,4,4,1,0
220194,3,5,2,0
220241,3,7,1,6
220287,3,6,3,0
220334,3,6,1,0
220380,3,6,1,0
220427,3,5,2,0
220473,3,6,2,0
220519,3,7,3,0
220566,3,7,1,0
220612,3,7,2,0
220659,2,6,1,0
220705,2,5,0,0
220752,0,5,0,0
220798,0,6,1,0
220844,0,7,0,0
220891,0,6,0,0
220937,0,7,0,0
220984,0,6,2,0
221030,0,5,0,0
221077,0,5,0,0
221123,0,4,0,0
221170,0,3,0,0
221216,0,2,0,0
221262,7,7,1,0
221309,6,7,7,0
221355,6,7,7,0
221402,6,7,7,0
221448,5,7,6,0
221495,5,7,6,0
221541,5,7,6,0
221588,5,6,5,0
221634,5,7,5,0
221680,5,6,5,0
221727,5,6,5,0
221773,5,5,4,0
221820,5,5,5,0
221866,5,4,5,0
221913,5,5,5,0
221959,4,6,5,0
222005,5,7,5,0
222052,5,7,4,0
222098,5,7,4,2
222145,4,7,4,0
222191,4,7,4,0
222238,3,6,4,0
222284,4,7,4,0
222331,4,7,4,0
222377,1,4,4,0
222423,3,6,3,0
222470,3,6,3,0
222516,3,6,3,0
222563,3,5,3,0
222609,2,6,2,0
222656,3,5,2,0
222702,3,4,2,0
222749,0,3,3,0
222795,2,4,1,0
222841,2,4,1,0
222888,2,4,1,0
222934,2,4,1,0
222981,2,4,0,0
223027,0,3,1,0
223074,2,3,0,0
223120,1,3,0,0
223166,1,3,0,0
223213,0,3,1,0
223259,0,3,0,0
223306,0,1,0,0
223352,0,3,0,0
223399,0,2,0,0
223445,1,3,0,0
223492,1,2,0,0
223538,0,2,0,0
223584,0,2,0,0
223631,0,3,0,0
223677,0,3,0,0
223724,0,3,0,0
223770,0,3,0,0
223817,0,3,0,0
223863,0,3,0,0
223910,0,2,0,0
223956,0,2,0,0
224002,0,1,0,0
224049,0,2,0,0
224095,0,2,0,0
224142,0,2,0,0
224188,0,2,0,0
224235,0,2,0,0
224281,0,2,0,0
224327,0,2,0,0
224374,0,2,0,0
224420,0,1,0,0
224467,0,1,0,0
224513,0,1,0,0
224560,0,1,0,0
224606,0,1,0,0
224653,0,1,0,0
224699,0,0,0,0
224745,0,0,0,0
224792,0,0,0,0
224838,0,0,0,0
224885,0,0,0,0
224931,0,0,0,0
224978,0,0,0,0
225024,0,0,0,0
225071,0,0,0,0
225117,0,0,0,0
225163,0,0,0,0
225210,0,0,0,0
225256,0,1,0,0
225303,0,1,0,0
225349,0,0,0,0
225396,0,0,0,0
225442,0,0,0,0
225488,0,0,0,0
225535,0,0,0,0
225581,0,0,0,0
225628,0,0,0,0
225674,0,0,0,0
225721,0,0,0,0
225767,0,0,1,0
225814,0,0,1,0
225860,0,0,1,0
225906,0,2,1,0
225953,0,0,1,0
225999,0,2,1,0
226046,0,0,0,0
226092,0,0,0,0
226139,0,0,0,0
226185,0,0,0,0
226232,0,0,0,0
226278,0,0,0,0
226324,0,1,0,0
226371,0,0,0,0
226417,0,0,0,0
226464,0,0,0,0
226510,0,0,0,0
226557,0,0,0,0
226603,0,0,0,0
226649,0,0,0,0
226696,0,0,0,0
226742,0,0,0,0
226789,0,1,0,0
226835,0,0,0,0
226882,0,0,0,0
226928,0,0,0,0
226975,0,0,0,0
227021,0,0,0,0
227067,0,0,0,0
227114,0,0,0,0
227160,0,0,0,0
227207,0,0,0,0
227253,0,0,0,0
227300,0,0,0,0
227346,0,0,0,0
227393,0,0,0,0
227439,0,0,0,0
227485,0,0,0,0
227532,0,0,0,0
227578,0,0,0,0
227625,0,0,0,0
227671,0,0,0,0
227718,0,0,0,0
227764,0,0,0,0
227810,0,0,0,0
227857,0,0,0,0
227903,0,0,0,0
227950,0,0,0,0
227996,0,0,0,0
228043,0,0,0,0
228089,0,0,0,0
228136,0,0,0,0
228182,0,0,0,0
228228,0,0,0,0
228275,0,0,0,0
228321,0,0,0,0
228368,0,0,0,0
228414,0,0,0,0
228461,0,0,0,0
228507,0,0,0,0
228554,0,0,0,0
228600,0,0,0,0
228646,0,0,0,0
228693,0,0,0,0
228739,0,0,0,0
228786,0,0,0,0
228832,0,0,0,0
228879,0,0,0,0
228925,0,0,0,0
228971,0,0,0,0
229018,0,0,0,0
229064,0,0,0,0
229111,0,0,0,0
229157,0,0,0,0
229204,0,0,0,0
229250,0,0,0,0
229297,0,0,0,0
229343,0,0,0,0
229389,0,0,0,0
229436,0,0,0,0
229482,0,0,0,0
229529,0,0,0,0
229575,0,0,0,0
229622,0,0,0,0
229668,0,0,0,0
229714,0,0,0,0
229761,0,0,0,0
229807,0,0,0,0
229854,0,0,0,0
229900,0,0,0,0
229947,0,0,0,0
229993,0,0,0,0
230040,0,0,0,0
230086,0,0,0,0
230132,0,0,0,0
230179,0,0,0,0
230225,0,0,0,0
230272,0,0,0,0
230318,0,0,0,0
230365,0,0,0,0
230411,0,0,0,0
230458,0,0,0,0
230504,0,0,0,0
230550,0,0,0,0
230597,0,0,0,0
230643,0,0,0,0
230690,0,0,0,0
230736,0,0,0,0
230783,0,0,0,0
230829,0,0,0,0
230875,0,0,0,0
230922,0,0,0,0
230968,0,0,0,0
231015,0,0,0,0
231061,0,0,0,0
231108,0,0,0,0
231154,0,0,0,0
231201,0,0,0,0
231247,0,0,0,0
231293,0,0,0,0
231340,0,0,0,0
231386,0,0,0,0
231433,0,0,0,0
231479,0,0,0,0
231526,0,0,0,0
231572,0,0,0,0
231619,0,0,0,0
231665,0,0,0,0
231711,0,0,0,0
231758,0,0,0,0
231804,0,0,0,0
231851,0,0,0,0
231897,0,0,0,0
231944,0,0,0,0
231990,0,0,0,0
232036,0,0,0,0
232083,0,0,0,0
232129,0,0,0,0
232176,0,0,0,0
232222,0,0,0,0
232269,0,0,0,0
232315,0,0,0,0
232362,0,0,0,0
232408,0,0,0,0
232454,0,0,0,0
232501,0,0,0,0
232547,0,0,0,0
232594,0,0,0,0
232640,0,0,0,0
232687,0,0,0,0
232733,0,0,0,0
232780,0,0,0,0
232826,0,0,0,0
232872,0,0,0,0
232919,0,0,0,0
232965,0,0,0,0
233012,0,0,0,0
233058,0,0,0,0
233105,0,0,0,0
233151,0,0,0,0
233197,0,0,0,0
233244,0,0,0,0
233290,0,0,0,0
233337,0,0,0,0
233383,0,0,0,0
233430,0,0,0,0
233476,0,0,0,0
233523,0,0,0,0
233569,0,0,0,0
233615,0,0,0,0
233662,0,0,0,0
233708,0,0,0,0
233755,0,0,0,0
233801,0,0,0,0
233848,0,0,0,0
233894,0,0,0,0
233941,0,0,0,0
233987,0,0,0,0
234033,0,0,0,0
234080,0,0,0,0
234126,0,0,0,0
234173,0,0,0,0
